Toss Fair Biased
1 1.000000 1.000000
2 1.000000 1.000000
3 0.666667 0.666667
4 0.750000 0.750000
5 0.800000 0.800000
6 0.833333 0.833333
7 0.857143 0.714286
8 0.875000 0.750000
9 0.888889 0.777778
10 0.900000 0.700000
11 0.909091 0.727273
12 0.833333 0.750000
13 0.769231 0.769231
14 0.785714 0.785714
15 0.800000 0.800000
16 0.750000 0.750000
17 0.705882 0.764706
18 0.722222 0.777778
19 0.736842 0.736842
20 0.750000 0.750000
21 0.714286 0.761905
22 0.727273 0.727273
23 0.739130 0.739130
24 0.708333 0.708333
25 0.680000 0.720000
26 0.692308 0.730769
27 0.703704 0.740741
28 0.714286 0.750000
29 0.689655 0.758621
30 0.700000 0.766667
31 0.677419 0.774194
32 0.687500 0.750000
33 0.696970 0.757576
34 0.676471 0.764706
35 0.657143 0.771429
36 0.638889 0.777778
37 0.621622 0.783784
38 0.631579 0.763158
39 0.641026 0.769231
40 0.650000 0.750000
41 0.634146 0.731707
42 0.619048 0.738095
43 0.627907 0.744186
44 0.613636 0.727273
45 0.622222 0.711111
46 0.608696 0.695652
47 0.617021 0.702128
48 0.625000 0.708333
49 0.612245 0.693878
50 0.620000 0.680000
51 0.607843 0.686275
52 0.596154 0.673077
53 0.603774 0.679245
54 0.592593 0.666667
55 0.600000 0.654545
56 0.607143 0.660714
57 0.614035 0.666667
58 0.603448 0.672414
59 0.593220 0.677966
60 0.600000 0.666667
61 0.606557 0.672131
62 0.596774 0.661290
63 0.587302 0.666667
64 0.578125 0.656250
65 0.584615 0.661538
66 0.575758 0.666667
67 0.582090 0.671642
68 0.573529 0.661765
69 0.565217 0.666667
70 0.571429 0.671429
71 0.563380 0.676056
72 0.569444 0.666667
73 0.561644 0.671233
74 0.554054 0.675676
75 0.560000 0.680000
76 0.565789 0.684211
77 0.558442 0.688312
78 0.564103 0.692308
79 0.556962 0.683544
80 0.562500 0.675000
81 0.555556 0.679012
82 0.560976 0.682927
83 0.554217 0.686747
84 0.547619 0.690476
85 0.541176 0.682353
86 0.546512 0.674419
87 0.551724 0.666667
88 0.545455 0.670455
89 0.539326 0.674157
90 0.533333 0.666667
91 0.527473 0.670330
92 0.521739 0.663043
93 0.526882 0.666667
94 0.521277 0.670213
95 0.515789 0.673684
96 0.520833 0.677083
97 0.515464 0.680412
98 0.510204 0.683673
99 0.505051 0.676768
100 0.500000 0.670000
101 0.504950 0.673267
102 0.509804 0.676471
103 0.504854 0.669903
104 0.509615 0.673077
105 0.504762 0.676190
106 0.509434 0.669811
107 0.504673 0.672897
108 0.500000 0.675926
109 0.504587 0.669725
110 0.509091 0.672727
111 0.513514 0.666667
112 0.517857 0.660714
113 0.522124 0.663717
114 0.526316 0.666667
115 0.521739 0.669565
116 0.525862 0.663793
117 0.521368 0.666667
118 0.516949 0.669492
119 0.512605 0.672269
120 0.516667 0.666667
121 0.512397 0.669421
122 0.516393 0.672131
123 0.512195 0.666667
124 0.508065 0.661290
125 0.504000 0.664000
126 0.507937 0.658730
127 0.503937 0.653543
128 0.500000 0.656250
129 0.503876 0.651163
130 0.507692 0.653846
131 0.503817 0.656489
132 0.507576 0.659091
133 0.503759 0.661654
134 0.507463 0.664179
135 0.503704 0.666667
136 0.507353 0.661765
137 0.503650 0.664234
138 0.500000 0.659420
139 0.496403 0.654676
140 0.500000 0.657143
141 0.503546 0.659574
142 0.500000 0.654930
143 0.503497 0.657343
144 0.506944 0.652778
145 0.510345 0.655172
146 0.513699 0.650685
147 0.510204 0.653061
148 0.506757 0.655405
149 0.510067 0.651007
150 0.513333 0.653333
151 0.509934 0.655629
152 0.506579 0.657895
153 0.503268 0.660131
154 0.506494 0.662338
155 0.509677 0.664516
156 0.512821 0.660256
157 0.509554 0.662420
158 0.506329 0.664557
159 0.503145 0.660377
160 0.506250 0.656250
161 0.503106 0.658385
162 0.506173 0.660494
163 0.509202 0.662577
164 0.512195 0.664634
165 0.509091 0.660606
166 0.512048 0.662651
167 0.508982 0.664671
168 0.505952 0.666667
169 0.502959 0.668639
170 0.500000 0.670588
171 0.502924 0.672515
172 0.500000 0.668605
173 0.497110 0.664740
174 0.494253 0.660920
175 0.491429 0.657143
176 0.494318 0.653409
177 0.491525 0.655367
178 0.494382 0.657303
179 0.491620 0.659218
180 0.488889 0.661111
181 0.486188 0.662983
182 0.489011 0.664835
183 0.491803 0.661202
184 0.494565 0.663043
185 0.491892 0.664865
186 0.494624 0.666667
187 0.497326 0.668449
188 0.494681 0.670213
189 0.492063 0.671958
190 0.489474 0.668421
191 0.486911 0.664921
192 0.484375 0.661458
193 0.481865 0.663212
194 0.479381 0.664948
195 0.482051 0.661538
196 0.484694 0.663265
197 0.487310 0.659898
198 0.489899 0.661616
199 0.492462 0.663317
200 0.490000 0.665000
201 0.487562 0.666667
202 0.490099 0.668317
203 0.487685 0.665025
204 0.490196 0.666667
205 0.487805 0.668293
206 0.485437 0.665049
207 0.483092 0.666667
208 0.480769 0.668269
209 0.483254 0.669856
210 0.480952 0.671429
211 0.483412 0.672986
212 0.485849 0.674528
213 0.488263 0.676056
214 0.490654 0.677570
215 0.488372 0.679070
216 0.490741 0.675926
217 0.488479 0.672811
218 0.490826 0.669725
219 0.488584 0.666667
220 0.486364 0.668182
221 0.488688 0.669683
222 0.490991 0.671171
223 0.493274 0.672646
224 0.495536 0.674107
225 0.497778 0.671111
226 0.500000 0.672566
227 0.502203 0.674009
228 0.504386 0.675439
229 0.506550 0.672489
230 0.504348 0.673913
231 0.502165 0.670996
232 0.500000 0.672414
233 0.497854 0.669528
234 0.495726 0.670940
235 0.493617 0.672340
236 0.491525 0.669492
237 0.489451 0.670886
238 0.491597 0.672269
239 0.489540 0.673640
240 0.491667 0.675000
241 0.489627 0.672199
242 0.487603 0.669421
243 0.489712 0.666667
244 0.491803 0.668033
245 0.489796 0.669388
246 0.491870 0.670732
247 0.489879 0.672065
248 0.487903 0.673387
249 0.489960 0.674699
250 0.488000 0.676000
251 0.490040 0.673307
252 0.492063 0.674603
253 0.490119 0.675889
254 0.488189 0.673228
255 0.490196 0.670588
256 0.492188 0.667969
257 0.494163 0.669261
258 0.496124 0.666667
259 0.494208 0.667954
260 0.496154 0.669231
261 0.498084 0.670498
262 0.496183 0.667939
263 0.494297 0.669202
264 0.496212 0.666667
265 0.494340 0.667925
266 0.496241 0.665414
267 0.498127 0.666667
268 0.500000 0.664179
269 0.501859 0.665428
270 0.503704 0.666667
271 0.505535 0.667897
272 0.503676 0.669118
273 0.501832 0.670330
274 0.500000 0.671533
275 0.501818 0.669091
276 0.503623 0.666667
277 0.501805 0.667870
278 0.503597 0.669065
279 0.505376 0.666667
280 0.507143 0.667857
281 0.505338 0.669039
282 0.507092 0.670213
283 0.505300 0.667845
284 0.507042 0.669014
285 0.508772 0.670175
286 0.510490 0.671329
287 0.512195 0.672474
288 0.510417 0.673611
289 0.512111 0.674740
290 0.510345 0.675862
291 0.508591 0.676976
292 0.510274 0.678082
293 0.508532 0.679181
294 0.506803 0.680272
295 0.505085 0.681356
296 0.506757 0.682432
297 0.508418 0.680135
298 0.506711 0.681208
299 0.505017 0.678930
300 0.506667 0.676667
301 0.508306 0.677741
302 0.506623 0.678808
303 0.508251 0.679868
304 0.509868 0.680921
305 0.508197 0.681967
306 0.506536 0.683007
307 0.508143 0.680782
308 0.509740 0.678571
309 0.508091 0.679612
310 0.506452 0.680645
311 0.504823 0.678457
312 0.503205 0.679487
313 0.504792 0.677316
314 0.506369 0.678344
315 0.507937 0.679365
316 0.509494 0.677215
317 0.507886 0.678233
318 0.506289 0.676101
319 0.507837 0.677116
320 0.509375 0.678125
321 0.507788 0.679128
322 0.506211 0.680124
323 0.507740 0.681115
324 0.509259 0.682099
325 0.507692 0.683077
326 0.509202 0.684049
327 0.510703 0.681957
328 0.509146 0.679878
329 0.510638 0.680851
330 0.509091 0.681818
331 0.510574 0.679758
332 0.509036 0.680723
333 0.507508 0.681682
334 0.508982 0.682635
335 0.507463 0.680597
336 0.505952 0.678571
337 0.507418 0.679525
338 0.505917 0.680473
339 0.507375 0.681416
340 0.505882 0.682353
341 0.507331 0.680352
342 0.508772 0.681287
343 0.510204 0.682216
344 0.511628 0.683140
345 0.510145 0.684058
346 0.511561 0.682081
347 0.510086 0.682997
348 0.508621 0.683908
349 0.507163 0.681948
350 0.508571 0.682857
351 0.509972 0.683761
352 0.511364 0.684659
353 0.509915 0.682720
354 0.508475 0.683616
355 0.507042 0.684507
356 0.508427 0.682584
357 0.509804 0.680672
358 0.511173 0.681564
359 0.512535 0.682451
360 0.513889 0.680556
361 0.512465 0.681440
362 0.511050 0.682320
363 0.509642 0.680441
364 0.510989 0.681319
365 0.512329 0.682192
366 0.510929 0.680328
367 0.512262 0.681199
368 0.513587 0.682065
369 0.512195 0.682927
370 0.510811 0.681081
371 0.512129 0.681941
372 0.513441 0.680108
373 0.514745 0.678284
374 0.513369 0.679144
375 0.512000 0.677333
376 0.510638 0.678191
377 0.509284 0.676393
378 0.507937 0.674603
379 0.509235 0.675462
380 0.507895 0.673684
381 0.509186 0.674541
382 0.507853 0.672775
383 0.509138 0.673629
384 0.507813 0.674479
385 0.506494 0.675325
386 0.507772 0.676166
387 0.506460 0.674419
388 0.505155 0.675258
389 0.503856 0.676093
390 0.502564 0.676923
391 0.503836 0.677749
392 0.505102 0.678571
393 0.506361 0.679389
394 0.507614 0.680203
395 0.508861 0.681013
396 0.507576 0.681818
397 0.508816 0.682620
398 0.510050 0.680905
399 0.511278 0.681704
400 0.510000 0.682500
401 0.508728 0.683292
402 0.507463 0.684080
403 0.508685 0.684864
404 0.509901 0.685644
405 0.508642 0.683951
406 0.509852 0.684729
407 0.508600 0.683047
408 0.509804 0.681373
409 0.508557 0.682152
410 0.509756 0.682927
411 0.508516 0.683698
412 0.507282 0.684466
413 0.506053 0.685230
414 0.507246 0.685990
415 0.508434 0.686747
416 0.507212 0.687500
417 0.505995 0.688249
418 0.507177 0.688995
419 0.508353 0.687351
420 0.507143 0.685714
421 0.508314 0.684086
422 0.509479 0.682464
423 0.508274 0.683215
424 0.507075 0.683962
425 0.508235 0.684706
426 0.507042 0.685446
427 0.505855 0.686183
428 0.507009 0.686916
429 0.505828 0.685315
430 0.504651 0.686047
431 0.503480 0.686775
432 0.502315 0.687500
433 0.501155 0.688222
434 0.500000 0.686636
435 0.501149 0.685057
436 0.502294 0.685780
437 0.501144 0.684211
438 0.500000 0.684932
439 0.498861 0.683371
440 0.497727 0.684091
441 0.496599 0.684807
442 0.495475 0.683258
443 0.494357 0.683973
444 0.493243 0.684685
445 0.494382 0.683146
446 0.495516 0.681614
447 0.496644 0.680089
448 0.495536 0.680804
449 0.494432 0.679287
450 0.493333 0.680000
451 0.494457 0.680710
452 0.495575 0.679204
453 0.494481 0.677704
454 0.493392 0.678414
455 0.492308 0.679121
456 0.491228 0.679825
457 0.490153 0.678337
458 0.489083 0.679039
459 0.490196 0.677560
460 0.489130 0.678261
461 0.488069 0.678959
462 0.489177 0.677489
463 0.488121 0.676026
464 0.489224 0.674569
465 0.488172 0.675269
466 0.489270 0.673820
467 0.488223 0.674518
468 0.487179 0.673077
469 0.486141 0.671642
470 0.487234 0.672340
471 0.486200 0.670913
472 0.485169 0.671610
473 0.484144 0.672304
474 0.485232 0.672996
475 0.484211 0.673684
476 0.483193 0.672269
477 0.482180 0.670860
478 0.481172 0.671548
479 0.480167 0.672234
480 0.479167 0.670833
481 0.480249 0.671518
482 0.481328 0.672199
483 0.482402 0.670807
484 0.481405 0.669421
485 0.482474 0.670103
486 0.483539 0.670782
487 0.484600 0.671458
488 0.483607 0.670082
489 0.484663 0.670757
490 0.483673 0.669388
491 0.484725 0.670061
492 0.485772 0.670732
493 0.484787 0.669371
494 0.483806 0.668016
495 0.482828 0.668687
496 0.483871 0.669355
497 0.482897 0.668008
498 0.483936 0.668675
499 0.482966 0.669339
500 0.484000 0.670000
501 0.485030 0.668663
502 0.484064 0.669323
503 0.483101 0.667992
504 0.484127 0.668651
505 0.485149 0.669307
506 0.486166 0.667984
507 0.485207 0.668639
508 0.486220 0.669291
509 0.487230 0.669941
510 0.486275 0.670588
511 0.485323 0.671233
512 0.486328 0.671875
513 0.485380 0.672515
514 0.486381 0.673152
515 0.485437 0.673786
516 0.484496 0.674419
517 0.483559 0.675048
518 0.482625 0.673745
519 0.481696 0.674374
520 0.482692 0.673077
521 0.483685 0.673704
522 0.482759 0.674330
523 0.481836 0.673040
524 0.480916 0.673664
525 0.481905 0.674286
526 0.480989 0.673004
527 0.480076 0.671727
528 0.481061 0.672348
529 0.482042 0.671078
530 0.483019 0.669811
531 0.482109 0.670433
532 0.481203 0.669173
533 0.482176 0.669794
534 0.481273 0.670412
535 0.482243 0.671028
536 0.483209 0.671642
537 0.482309 0.670391
538 0.481413 0.669145
539 0.480519 0.667904
540 0.479630 0.668519
541 0.478743 0.669131
542 0.477860 0.669742
543 0.478821 0.670350
544 0.477941 0.670956
545 0.478899 0.671560
546 0.478022 0.672161
547 0.477148 0.672761
548 0.478102 0.673358
549 0.479053 0.673953
550 0.480000 0.674545
551 0.480944 0.675136
552 0.481884 0.675725
553 0.481013 0.674503
554 0.481949 0.673285
555 0.481081 0.672072
556 0.480216 0.670863
557 0.481149 0.669659
558 0.480287 0.668459
559 0.481216 0.669052
560 0.480357 0.669643
561 0.481283 0.670232
562 0.482206 0.669039
563 0.481350 0.667851
564 0.482270 0.668440
565 0.483186 0.669027
566 0.484099 0.669611
567 0.483245 0.670194
568 0.484155 0.670775
569 0.485062 0.669596
570 0.485965 0.670175
571 0.486865 0.670753
572 0.487762 0.669580
573 0.488656 0.668412
574 0.489547 0.668990
575 0.488696 0.669565
576 0.487847 0.670139
577 0.487002 0.670711
578 0.486159 0.669550
579 0.487047 0.670121
580 0.486207 0.670690
581 0.487091 0.671256
582 0.486254 0.670103
583 0.485420 0.670669
584 0.484589 0.669521
585 0.483761 0.668376
586 0.484642 0.667235
587 0.483816 0.667802
588 0.484694 0.666667
589 0.483871 0.665535
590 0.483051 0.664407
591 0.482234 0.663283
592 0.481419 0.662162
593 0.482293 0.662732
594 0.483165 0.663300
595 0.482353 0.663866
596 0.483221 0.664430
597 0.484087 0.664992
598 0.484950 0.665552
599 0.485810 0.666110
600 0.485000 0.665000
601 0.484193 0.665557
602 0.485050 0.666113
603 0.485904 0.665008
604 0.485099 0.663907
605 0.485950 0.662810
606 0.486799 0.661716
607 0.485997 0.662273
608 0.485197 0.662829
609 0.486043 0.663383
610 0.485246 0.663934
611 0.484452 0.662848
612 0.485294 0.663399
613 0.486134 0.663948
614 0.485342 0.664495
615 0.486179 0.665041
616 0.487013 0.665584
617 0.487844 0.664506
618 0.487055 0.665049
619 0.487884 0.665590
620 0.487097 0.666129
621 0.487923 0.666667
622 0.487138 0.667203
623 0.487961 0.666132
624 0.488782 0.666667
625 0.488000 0.665600
626 0.488818 0.666134
627 0.488038 0.666667
628 0.487261 0.667197
629 0.488076 0.667727
630 0.488889 0.666667
631 0.488114 0.667195
632 0.487342 0.667722
633 0.486572 0.666667
634 0.485804 0.665615
635 0.486614 0.666142
636 0.485849 0.666667
637 0.485086 0.665620
638 0.485893 0.666144
639 0.486698 0.666667
640 0.487500 0.667188
641 0.486739 0.666147
642 0.487539 0.665109
643 0.486781 0.665630
644 0.486025 0.666149
645 0.486822 0.666667
646 0.487616 0.667183
647 0.486862 0.666151
648 0.487654 0.666667
649 0.486903 0.667180
650 0.487692 0.666154
651 0.488479 0.666667
652 0.487730 0.665644
653 0.488515 0.666156
654 0.489297 0.666667
655 0.488550 0.667176
656 0.487805 0.666159
657 0.487062 0.666667
658 0.487842 0.667173
659 0.487102 0.666161
660 0.487879 0.666667
661 0.487141 0.665658
662 0.486405 0.664653
663 0.487179 0.665158
664 0.486446 0.664157
665 0.485714 0.664662
666 0.484985 0.665165
667 0.484258 0.664168
668 0.483533 0.664671
669 0.484305 0.665172
670 0.483582 0.665672
671 0.482861 0.664680
672 0.482143 0.665179
673 0.482912 0.665676
674 0.483680 0.664688
675 0.484444 0.663704
676 0.485207 0.662722
677 0.485968 0.663220
678 0.485251 0.663717
679 0.486009 0.662739
680 0.485294 0.663235
681 0.484581 0.663730
682 0.485337 0.664223
683 0.486091 0.664714
684 0.486842 0.663743
685 0.486131 0.664234
686 0.485423 0.664723
687 0.484716 0.665211
688 0.484012 0.665698
689 0.484761 0.666183
690 0.485507 0.666667
691 0.484805 0.667149
692 0.485549 0.666185
693 0.486291 0.666667
694 0.485591 0.667147
695 0.484892 0.667626
696 0.485632 0.666667
697 0.484935 0.667145
698 0.484241 0.667622
699 0.483548 0.666667
700 0.482857 0.665714
701 0.483595 0.666191
702 0.484330 0.665242
703 0.483642 0.665718
704 0.484375 0.664773
705 0.485106 0.665248
706 0.484419 0.665722
707 0.485149 0.666195
708 0.484463 0.665254
709 0.483780 0.665726
710 0.483099 0.666197
711 0.483826 0.666667
712 0.483146 0.667135
713 0.483871 0.667602
714 0.483193 0.668067
715 0.483916 0.667133
716 0.484637 0.667598
717 0.483961 0.668061
718 0.484680 0.668524
719 0.484006 0.668985
720 0.484722 0.669444
721 0.484050 0.668516
722 0.483380 0.667590
723 0.484094 0.668050
724 0.483425 0.668508
725 0.484138 0.667586
726 0.484848 0.668044
727 0.485557 0.668501
728 0.486264 0.667582
729 0.485597 0.668038
730 0.484932 0.667123
731 0.485636 0.666211
732 0.484973 0.666667
733 0.484311 0.667121
734 0.485014 0.667575
735 0.485714 0.666667
736 0.485054 0.665761
737 0.484396 0.664858
738 0.485095 0.663957
739 0.485792 0.663058
740 0.486486 0.663514
741 0.485830 0.663968
742 0.486523 0.664420
743 0.485868 0.663526
744 0.485215 0.663978
745 0.484564 0.664430
746 0.485255 0.664879
747 0.485944 0.663989
748 0.485294 0.664439
749 0.484646 0.664887
750 0.484000 0.665333
751 0.484687 0.665779
752 0.485372 0.666223
753 0.486056 0.666667
754 0.485411 0.667109
755 0.486093 0.666225
756 0.485450 0.665344
757 0.484808 0.664465
758 0.484169 0.663588
759 0.484848 0.662714
760 0.484211 0.661842
761 0.484888 0.662286
762 0.485564 0.661417
763 0.484928 0.660550
764 0.485602 0.660995
765 0.484967 0.661438
766 0.485640 0.661880
767 0.486310 0.662321
768 0.485677 0.662760
769 0.485046 0.663199
770 0.485714 0.663636
771 0.485084 0.662776
772 0.485751 0.663212
773 0.485123 0.663648
774 0.485788 0.664083
775 0.486452 0.664516
776 0.487113 0.664948
777 0.486486 0.665380
778 0.485861 0.665810
779 0.485237 0.666239
780 0.485897 0.666667
781 0.486556 0.665813
782 0.485934 0.666240
783 0.485313 0.666667
784 0.485969 0.667092
785 0.485350 0.666242
786 0.484733 0.666667
787 0.485388 0.665820
788 0.484772 0.664975
789 0.484157 0.665399
790 0.483544 0.665823
791 0.482933 0.666245
792 0.482323 0.666667
793 0.482976 0.667087
794 0.482368 0.667506
795 0.481761 0.666667
796 0.481156 0.667085
797 0.481807 0.667503
798 0.482456 0.666667
799 0.481852 0.667084
800 0.482500 0.667500
801 0.481898 0.667915
802 0.481297 0.668329
803 0.480697 0.668742
804 0.480100 0.667910
805 0.480745 0.667081
806 0.480149 0.667494
807 0.480793 0.667906
808 0.481436 0.668317
809 0.482077 0.668727
810 0.482716 0.667901
811 0.483354 0.668311
812 0.483990 0.668719
813 0.484625 0.669127
814 0.485258 0.668305
815 0.484663 0.667485
816 0.484069 0.667892
817 0.484700 0.668299
818 0.484108 0.668704
819 0.484737 0.669109
820 0.485366 0.669512
821 0.485993 0.669915
822 0.486618 0.670316
823 0.486027 0.669502
824 0.485437 0.669903
825 0.486061 0.670303
826 0.485472 0.670702
827 0.486094 0.671100
828 0.486715 0.670290
829 0.486128 0.670688
830 0.485542 0.671084
831 0.486161 0.671480
832 0.485577 0.671875
833 0.486194 0.671068
834 0.485612 0.671463
835 0.486228 0.671856
836 0.485646 0.671053
837 0.486260 0.670251
838 0.486874 0.670644
839 0.486293 0.671037
840 0.485714 0.671429
841 0.486326 0.671819
842 0.486936 0.671021
843 0.487544 0.671412
844 0.486967 0.670616
845 0.487574 0.671006
846 0.486998 0.671395
847 0.486423 0.670602
848 0.485849 0.670991
849 0.485277 0.670200
850 0.484706 0.669412
851 0.485311 0.669800
852 0.485915 0.670188
853 0.485346 0.670574
854 0.485948 0.670960
855 0.485380 0.671345
856 0.485981 0.671729
857 0.485414 0.670945
858 0.484848 0.670163
859 0.485448 0.670547
860 0.484884 0.670930
861 0.484321 0.671312
862 0.483759 0.671694
863 0.484357 0.672074
864 0.483796 0.672454
865 0.484393 0.671676
866 0.483834 0.672055
867 0.483276 0.671280
868 0.482719 0.671659
869 0.482163 0.672037
870 0.482759 0.672414
871 0.482204 0.672790
872 0.482798 0.672018
873 0.482245 0.671249
874 0.482838 0.671625
875 0.482286 0.672000
876 0.482877 0.672374
877 0.483466 0.671608
878 0.482916 0.671982
879 0.482366 0.672355
880 0.481818 0.671591
881 0.482406 0.670829
882 0.481859 0.670068
883 0.482446 0.670442
884 0.481900 0.670814
885 0.481356 0.670056
886 0.481941 0.670429
887 0.482525 0.670800
888 0.483108 0.671171
889 0.482565 0.671541
890 0.483146 0.670787
891 0.482604 0.671156
892 0.482063 0.671525
893 0.481523 0.670773
894 0.480984 0.671141
895 0.480447 0.670391
896 0.481027 0.670759
897 0.480491 0.671126
898 0.481069 0.671492
899 0.480534 0.671858
900 0.481111 0.671111
901 0.481687 0.670366
902 0.482262 0.670732
903 0.481728 0.671096
904 0.482301 0.671460
905 0.482873 0.671823
906 0.482340 0.672185
907 0.481808 0.672547
908 0.482379 0.672907
909 0.482948 0.672167
910 0.483516 0.672527
911 0.482986 0.671789
912 0.482456 0.672149
913 0.483023 0.672508
914 0.482495 0.672867
915 0.483060 0.673224
916 0.483624 0.673581
917 0.484188 0.673937
918 0.483660 0.674292
919 0.484222 0.673558
920 0.484783 0.673913
921 0.485342 0.674267
922 0.484816 0.674620
923 0.485374 0.673889
924 0.484848 0.673160
925 0.484324 0.673514
926 0.483801 0.673866
927 0.484358 0.674218
928 0.484914 0.673491
929 0.485468 0.673843
930 0.486022 0.673118
931 0.486574 0.673469
932 0.487124 0.673820
933 0.487674 0.674169
934 0.488223 0.674518
935 0.487701 0.673797
936 0.487179 0.674145
937 0.487727 0.674493
938 0.488273 0.674840
939 0.488818 0.674121
940 0.488298 0.674468
941 0.487779 0.673751
942 0.488323 0.673036
943 0.488865 0.672322
944 0.488347 0.672669
945 0.487831 0.673016
946 0.487315 0.673362
947 0.487856 0.672650
948 0.488397 0.671941
949 0.487882 0.671233
950 0.487368 0.671579
951 0.486856 0.671924
952 0.486345 0.672269
953 0.485834 0.671563
954 0.486373 0.671908
955 0.486911 0.672251
956 0.486402 0.672594
957 0.485893 0.672936
958 0.485386 0.672234
959 0.484880 0.672576
960 0.484375 0.671875
961 0.484912 0.672216
962 0.484407 0.671518
963 0.484943 0.670820
964 0.485477 0.671162
965 0.484974 0.671503
966 0.485507 0.671843
967 0.485005 0.672182
968 0.484504 0.672521
969 0.484004 0.672859
970 0.484536 0.673196
971 0.484037 0.672503
972 0.483539 0.671811
973 0.484070 0.671120
974 0.484600 0.670431
975 0.484103 0.670769
976 0.484631 0.671107
977 0.485159 0.671443
978 0.485685 0.670757
979 0.485189 0.670072
980 0.484694 0.670408
981 0.485219 0.670744
982 0.485743 0.671079
983 0.486267 0.671414
984 0.485772 0.671748
985 0.485279 0.671066
986 0.484787 0.671400
987 0.485309 0.670719
988 0.484818 0.670040
989 0.485339 0.670374
990 0.485859 0.670707
991 0.486377 0.671039
992 0.486895 0.671371
993 0.486405 0.671702
994 0.486922 0.672032
995 0.487437 0.671357
996 0.487952 0.671687
997 0.487462 0.672016
998 0.486974 0.672345
999 0.486486 0.671672
1000 0.486000 0.672000
1001 0.486513 0.672328
1002 0.487026 0.672655
1003 0.486540 0.672981
1004 0.486056 0.673307
1005 0.485572 0.673632
1006 0.485089 0.673956
1007 0.485601 0.673287
1008 0.485119 0.672619
1009 0.485629 0.672944
1010 0.486139 0.673267
1011 0.485658 0.673591
1012 0.485178 0.673913
1013 0.484699 0.674235
1014 0.484221 0.674556
1015 0.484729 0.674877
1016 0.485236 0.675197
1017 0.485742 0.674533
1018 0.485265 0.674853
1019 0.485770 0.674190
1020 0.485294 0.673529
1021 0.485798 0.672870
1022 0.485323 0.673190
1023 0.484848 0.673509
1024 0.485352 0.673828
1025 0.485854 0.674146
1026 0.486355 0.674464
1027 0.485881 0.673807
1028 0.486381 0.674125
1029 0.485909 0.674441
1030 0.485437 0.674757
1031 0.484966 0.675073
1032 0.485465 0.675388
1033 0.485963 0.675702
1034 0.486460 0.676015
1035 0.486957 0.676329
1036 0.486486 0.676641
1037 0.486982 0.676953
1038 0.486513 0.676301
1039 0.486044 0.676612
1040 0.485577 0.676923
1041 0.485110 0.677233
1042 0.485605 0.677543
1043 0.485139 0.676894
1044 0.485632 0.677203
1045 0.486124 0.676555
1046 0.485660 0.675908
1047 0.485196 0.675263
1048 0.485687 0.674618
1049 0.486177 0.674929
1050 0.486667 0.674286
1051 0.487155 0.674596
1052 0.486692 0.673954
1053 0.487179 0.674264
1054 0.486717 0.674573
1055 0.487204 0.674882
1056 0.487689 0.675189
1057 0.487228 0.675497
1058 0.486767 0.674858
1059 0.486308 0.675165
1060 0.485849 0.675472
1061 0.486334 0.674835
1062 0.485876 0.675141
1063 0.485419 0.675447
1064 0.485902 0.675752
1065 0.485446 0.675117
1066 0.484991 0.674484
1067 0.485473 0.673852
1068 0.485019 0.674157
1069 0.485500 0.673527
1070 0.485981 0.673832
1071 0.485528 0.673203
1072 0.485075 0.673507
1073 0.484623 0.672880
1074 0.485102 0.673184
1075 0.485581 0.672558
1076 0.485130 0.672862
1077 0.484680 0.673166
1078 0.485158 0.673469
1079 0.484708 0.673772
1080 0.485185 0.674074
1081 0.485661 0.673451
1082 0.485213 0.673752
1083 0.484765 0.673130
1084 0.484317 0.673432
1085 0.484793 0.672811
1086 0.485267 0.673112
1087 0.484821 0.672493
1088 0.485294 0.671875
1089 0.485767 0.671258
1090 0.485321 0.670642
1091 0.485793 0.670944
1092 0.486264 0.671245
1093 0.486734 0.670631
1094 0.486289 0.670932
1095 0.486758 0.670320
1096 0.486314 0.669708
1097 0.485871 0.670009
1098 0.485428 0.670310
1099 0.485896 0.670610
1100 0.485455 0.670909
1101 0.485922 0.670300
1102 0.485481 0.670599
1103 0.485041 0.669991
1104 0.485507 0.670290
1105 0.485068 0.670588
1106 0.485533 0.669982
1107 0.485998 0.670280
1108 0.485560 0.669675
1109 0.486023 0.669071
1110 0.485586 0.669369
1111 0.485149 0.668767
1112 0.484712 0.669065
1113 0.484277 0.669362
1114 0.483842 0.668761
1115 0.483408 0.669058
1116 0.482975 0.669355
1117 0.483438 0.669651
1118 0.483900 0.669946
1119 0.483467 0.670241
1120 0.483929 0.670536
1121 0.484389 0.670830
1122 0.483957 0.670232
1123 0.483526 0.670525
1124 0.483986 0.670819
1125 0.483556 0.670222
1126 0.484014 0.670515
1127 0.484472 0.669920
1128 0.484929 0.669326
1129 0.485385 0.669619
1130 0.485841 0.669912
1131 0.485411 0.670203
1132 0.484982 0.670495
1133 0.485437 0.670786
1134 0.485009 0.670194
1135 0.484581 0.670485
1136 0.484155 0.670775
1137 0.484609 0.670185
1138 0.485062 0.670475
1139 0.484636 0.669886
1140 0.484211 0.670175
1141 0.484663 0.669588
1142 0.485114 0.669002
1143 0.485564 0.669291
1144 0.485140 0.669580
1145 0.484716 0.668996
1146 0.485166 0.668412
1147 0.484743 0.667829
1148 0.485192 0.668118
1149 0.485640 0.668407
1150 0.485217 0.668696
1151 0.485665 0.668115
1152 0.485243 0.668403
1153 0.485690 0.667823
1154 0.486135 0.668111
1155 0.485714 0.668398
1156 0.485294 0.667820
1157 0.485739 0.668107
1158 0.485320 0.668394
1159 0.485764 0.668680
1160 0.486207 0.668966
1161 0.485788 0.669251
1162 0.485370 0.669535
1163 0.484953 0.669819
1164 0.484536 0.670103
1165 0.484979 0.670386
1166 0.485420 0.670669
1167 0.485004 0.670951
1168 0.485445 0.671233
1169 0.485885 0.671514
1170 0.486325 0.671795
1171 0.485909 0.672075
1172 0.485495 0.671502
1173 0.485081 0.670929
1174 0.484668 0.671210
1175 0.485106 0.671489
1176 0.484694 0.671769
1177 0.485132 0.672048
1178 0.485569 0.672326
1179 0.486005 0.672604
1180 0.485593 0.672881
1181 0.486029 0.673158
1182 0.486464 0.672589
1183 0.486898 0.672866
1184 0.486486 0.673142
1185 0.486076 0.673418
1186 0.486509 0.673693
1187 0.486942 0.673968
1188 0.486532 0.674242
1189 0.486123 0.674516
1190 0.485714 0.674790
1191 0.485306 0.674223
1192 0.484899 0.674497
1193 0.484493 0.674769
1194 0.484087 0.675042
1195 0.483682 0.675314
1196 0.484114 0.675585
1197 0.483709 0.675856
1198 0.484140 0.676127
1199 0.484570 0.676397
1200 0.485000 0.676667
1201 0.484596 0.676936
1202 0.485025 0.677205
1203 0.484622 0.676642
1204 0.484219 0.676910
1205 0.483817 0.677178
1206 0.483416 0.677446
1207 0.483844 0.676885
1208 0.483444 0.676325
1209 0.483044 0.676592
1210 0.483471 0.676860
1211 0.483898 0.677126
1212 0.484323 0.676568
1213 0.484749 0.676834
1214 0.485173 0.676277
1215 0.485597 0.675720
1216 0.485197 0.675164
1217 0.484799 0.674610
1218 0.484401 0.674877
1219 0.484824 0.674323
1220 0.485246 0.673770
1221 0.484848 0.674038
1222 0.484452 0.674304
1223 0.484056 0.673753
1224 0.483660 0.674020
1225 0.484082 0.674286
1226 0.484502 0.674551
1227 0.484108 0.674002
1228 0.484528 0.674267
1229 0.484947 0.674532
1230 0.485366 0.673984
1231 0.484972 0.674249
1232 0.484578 0.674513
1233 0.484185 0.673966
1234 0.483793 0.674230
1235 0.484211 0.674494
1236 0.484628 0.674757
1237 0.484236 0.675020
1238 0.483845 0.674475
1239 0.484262 0.674738
1240 0.483871 0.675000
1241 0.483481 0.674456
1242 0.483897 0.673913
1243 0.483508 0.673371
1244 0.483119 0.673633
1245 0.482731 0.673896
1246 0.482343 0.674157
1247 0.481957 0.673617
1248 0.482372 0.673878
1249 0.482786 0.674139
1250 0.483200 0.674400
1251 0.483613 0.674660
1252 0.483227 0.674121
1253 0.482841 0.674381
1254 0.483254 0.673844
1255 0.483665 0.674104
1256 0.483280 0.674363
1257 0.482896 0.673827
1258 0.482512 0.673291
1259 0.482129 0.672756
1260 0.482540 0.673016
1261 0.482950 0.672482
1262 0.482567 0.671949
1263 0.482977 0.672209
1264 0.482595 0.671677
1265 0.482213 0.671937
1266 0.481833 0.672196
1267 0.482242 0.672455
1268 0.481861 0.672713
1269 0.482270 0.672971
1270 0.481890 0.673228
1271 0.482297 0.673485
1272 0.481918 0.673742
1273 0.482325 0.673998
1274 0.481947 0.673469
1275 0.482353 0.673725
1276 0.481975 0.673981
1277 0.481597 0.674236
1278 0.482003 0.674491
1279 0.481626 0.673964
1280 0.482031 0.673438
1281 0.482436 0.673692
1282 0.482839 0.673947
1283 0.482463 0.674201
1284 0.482087 0.674455
1285 0.482490 0.674708
1286 0.482893 0.674961
1287 0.482517 0.675214
1288 0.482143 0.674689
1289 0.481769 0.674166
1290 0.482171 0.674419
1291 0.481797 0.673896
1292 0.482198 0.674149
1293 0.482599 0.674401
1294 0.482226 0.674652
1295 0.481853 0.674131
1296 0.481481 0.674383
1297 0.481881 0.673863
1298 0.481510 0.673344
1299 0.481909 0.673595
1300 0.482308 0.673077
1301 0.482706 0.673328
1302 0.482335 0.673579
1303 0.481965 0.673830
1304 0.481595 0.674080
1305 0.481992 0.673563
1306 0.482389 0.673813
1307 0.482785 0.674063
1308 0.482416 0.673547
1309 0.482047 0.673797
1310 0.481679 0.674046
1311 0.481312 0.674294
1312 0.480945 0.674543
1313 0.481340 0.674791
1314 0.480974 0.674277
1315 0.480608 0.674525
1316 0.481003 0.674772
1317 0.480638 0.675019
1318 0.481032 0.674507
1319 0.481425 0.674754
1320 0.481818 0.675000
1321 0.482210 0.675246
1322 0.481846 0.675492
1323 0.481481 0.674981
1324 0.481873 0.675227
1325 0.481509 0.675472
1326 0.481900 0.675716
1327 0.481537 0.675961
1328 0.481928 0.675452
1329 0.481565 0.675696
1330 0.481203 0.675188
1331 0.480841 0.675432
1332 0.480480 0.675676
1333 0.480870 0.675169
1334 0.481259 0.675412
1335 0.481648 0.674906
1336 0.481287 0.675150
1337 0.481675 0.674645
1338 0.482063 0.674888
1339 0.481703 0.675131
1340 0.481343 0.675373
1341 0.481730 0.675615
1342 0.482116 0.675857
1343 0.482502 0.675354
1344 0.482887 0.674851
1345 0.482528 0.675093
1346 0.482169 0.674591
1347 0.482554 0.674091
1348 0.482196 0.674332
1349 0.481838 0.674574
1350 0.481481 0.674074
1351 0.481125 0.673575
1352 0.480769 0.673817
1353 0.481153 0.673319
1354 0.480798 0.673560
1355 0.480443 0.673801
1356 0.480826 0.673304
1357 0.481209 0.673545
1358 0.480854 0.673785
1359 0.481236 0.674025
1360 0.481618 0.674265
1361 0.481999 0.673769
1362 0.481645 0.674009
1363 0.481291 0.673514
1364 0.480938 0.673021
1365 0.481319 0.673260
1366 0.480966 0.673499
1367 0.480614 0.673007
1368 0.480994 0.673246
1369 0.480643 0.673484
1370 0.481022 0.672993
1371 0.480671 0.672502
1372 0.481050 0.672012
1373 0.481428 0.672251
1374 0.481077 0.671761
1375 0.481455 0.671273
1376 0.481105 0.671512
1377 0.480755 0.671750
1378 0.480406 0.671263
1379 0.480058 0.671501
1380 0.480435 0.671739
1381 0.480087 0.671977
1382 0.479740 0.672214
1383 0.480116 0.672451
1384 0.480491 0.672688
1385 0.480144 0.672924
1386 0.479798 0.673160
1387 0.480173 0.673396
1388 0.480548 0.673631
1389 0.480202 0.673866
1390 0.480576 0.674101
1391 0.480230 0.673616
1392 0.479885 0.673851
1393 0.479541 0.674085
1394 0.479197 0.674319
1395 0.479570 0.673835
1396 0.479943 0.674069
1397 0.480315 0.673586
1398 0.479971 0.673104
1399 0.480343 0.673338
1400 0.480714 0.673571
1401 0.480371 0.673091
1402 0.480029 0.673324
1403 0.479686 0.673557
1404 0.480057 0.673789
1405 0.479715 0.674021
1406 0.480085 0.674253
1407 0.479744 0.673774
1408 0.480114 0.674006
1409 0.480483 0.674237
1410 0.480851 0.673759
1411 0.480510 0.673990
1412 0.480170 0.673513
1413 0.479830 0.673744
1414 0.480198 0.673267
1415 0.479859 0.673498
1416 0.479520 0.673729
1417 0.479887 0.673959
1418 0.480254 0.674189
1419 0.480620 0.673714
1420 0.480986 0.673944
1421 0.480647 0.674173
1422 0.481013 0.674402
1423 0.480675 0.674631
1424 0.481039 0.674157
1425 0.480702 0.674386
1426 0.480365 0.673913
1427 0.480729 0.673441
1428 0.480392 0.673669
1429 0.480756 0.673898
1430 0.480420 0.674126
1431 0.480084 0.674354
1432 0.480447 0.674581
1433 0.480809 0.674808
1434 0.481172 0.675035
1435 0.480836 0.675261
1436 0.480501 0.675487
1437 0.480167 0.675713
1438 0.479833 0.675939
1439 0.479500 0.675469
1440 0.479167 0.675694
1441 0.478834 0.675920
1442 0.479196 0.675451
1443 0.479556 0.675676
1444 0.479224 0.675900
1445 0.478893 0.676125
1446 0.478562 0.676349
1447 0.478922 0.676572
1448 0.478591 0.676796
1449 0.478951 0.677019
1450 0.478621 0.676552
1451 0.478291 0.676775
1452 0.477961 0.676997
1453 0.478321 0.677220
1454 0.478680 0.677442
1455 0.479038 0.676976
1456 0.479396 0.676511
1457 0.479753 0.676733
1458 0.479424 0.676955
1459 0.479781 0.676491
1460 0.479452 0.676712
1461 0.479808 0.676934
1462 0.480164 0.677155
1463 0.480519 0.676692
1464 0.480874 0.676913
1465 0.480546 0.676451
1466 0.480218 0.676671
1467 0.480573 0.676210
1468 0.480926 0.676431
1469 0.480599 0.676651
1470 0.480272 0.676190
1471 0.479946 0.676411
1472 0.480299 0.676630
1473 0.479973 0.676850
1474 0.479647 0.677069
1475 0.480000 0.677288
1476 0.479675 0.676829
1477 0.480027 0.677048
1478 0.480379 0.677267
1479 0.480730 0.677485
1480 0.480405 0.677703
1481 0.480081 0.677245
1482 0.479757 0.677463
1483 0.480108 0.677680
1484 0.479784 0.677898
1485 0.480135 0.677441
1486 0.479812 0.676985
1487 0.480161 0.676530
1488 0.479839 0.676075
1489 0.479516 0.676293
1490 0.479866 0.676510
1491 0.479544 0.676056
1492 0.479893 0.675603
1493 0.480241 0.675820
1494 0.479920 0.676037
1495 0.479599 0.676254
1496 0.479947 0.676471
1497 0.479626 0.676019
1498 0.479973 0.676235
1499 0.479653 0.675784
1500 0.480000 0.676000
1501 0.480346 0.676216
1502 0.480692 0.676431
1503 0.481038 0.675981
1504 0.480718 0.676197
1505 0.481063 0.676412
1506 0.481408 0.676627
1507 0.481752 0.676178
1508 0.482095 0.676393
1509 0.481776 0.676607
1510 0.481457 0.676821
1511 0.481138 0.676373
1512 0.481481 0.676587
1513 0.481824 0.676801
1514 0.481506 0.677015
1515 0.481848 0.676568
1516 0.481530 0.676781
1517 0.481872 0.676994
1518 0.482213 0.677207
1519 0.482554 0.677419
1520 0.482895 0.677632
1521 0.482577 0.677844
1522 0.482917 0.677398
1523 0.482600 0.677610
1524 0.482940 0.677165
1525 0.482623 0.677377
1526 0.482962 0.676933
1527 0.482646 0.676490
1528 0.482984 0.676702
1529 0.483322 0.676913
1530 0.483660 0.676471
1531 0.483344 0.676682
1532 0.483029 0.676893
1533 0.482714 0.677104
1534 0.483051 0.676662
1535 0.483388 0.676873
1536 0.483073 0.676432
1537 0.482759 0.676643
1538 0.483095 0.676853
1539 0.482781 0.677063
1540 0.483117 0.677273
1541 0.483452 0.677482
1542 0.483787 0.677043
1543 0.484122 0.677252
1544 0.483808 0.677461
1545 0.483495 0.677023
1546 0.483182 0.677232
1547 0.482870 0.677440
1548 0.483204 0.677003
1549 0.482892 0.676566
1550 0.483226 0.676129
1551 0.482914 0.675693
1552 0.482603 0.675258
1553 0.482936 0.675467
1554 0.483269 0.675676
1555 0.482958 0.675884
1556 0.483290 0.675450
1557 0.482980 0.675658
1558 0.483312 0.675866
1559 0.483643 0.676074
1560 0.483974 0.676282
1561 0.484305 0.676489
1562 0.483995 0.676697
1563 0.483685 0.676903
1564 0.483376 0.677110
1565 0.483706 0.676677
1566 0.484036 0.676245
1567 0.484365 0.676452
1568 0.484694 0.676658
1569 0.485022 0.676227
1570 0.484713 0.675796
1571 0.484405 0.675366
1572 0.484097 0.675573
1573 0.483789 0.675143
1574 0.483482 0.674714
1575 0.483810 0.674286
1576 0.483503 0.674492
1577 0.483830 0.674699
1578 0.484157 0.674905
1579 0.484484 0.675111
1580 0.484810 0.675316
1581 0.484503 0.674889
1582 0.484829 0.674463
1583 0.484523 0.674037
1584 0.484848 0.674242
1585 0.485174 0.674448
1586 0.485498 0.674023
1587 0.485822 0.673598
1588 0.485516 0.673174
1589 0.485840 0.673379
1590 0.485535 0.673585
1591 0.485858 0.673790
1592 0.486181 0.673995
1593 0.486503 0.674200
1594 0.486826 0.674404
1595 0.487147 0.673981
1596 0.486842 0.674185
1597 0.486537 0.674389
1598 0.486233 0.674593
1599 0.486554 0.674171
1600 0.486250 0.673750
1601 0.485946 0.673954
1602 0.485643 0.673533
1603 0.485340 0.673737
1604 0.485037 0.673317
1605 0.484735 0.672897
1606 0.485056 0.672478
1607 0.484754 0.672682
1608 0.484453 0.672264
1609 0.484152 0.672467
1610 0.484472 0.672671
1611 0.484171 0.672874
1612 0.483871 0.673077
1613 0.484191 0.673280
1614 0.484511 0.672862
1615 0.484830 0.673065
1616 0.485149 0.673267
1617 0.485467 0.673469
1618 0.485785 0.673671
1619 0.486103 0.673255
1620 0.485802 0.673457
1621 0.485503 0.673041
1622 0.485203 0.673243
1623 0.485521 0.672828
1624 0.485222 0.673030
1625 0.484923 0.673231
1626 0.485240 0.673432
1627 0.484942 0.673632
1628 0.485258 0.673833
1629 0.484960 0.674033
1630 0.484663 0.674233
1631 0.484979 0.674433
1632 0.484681 0.674020
1633 0.484385 0.674219
1634 0.484088 0.674419
1635 0.483792 0.674618
1636 0.483496 0.674205
1637 0.483812 0.673794
1638 0.484127 0.673993
1639 0.483832 0.674192
1640 0.483537 0.674390
1641 0.483851 0.674589
1642 0.483557 0.674787
1643 0.483871 0.674985
1644 0.483577 0.674574
1645 0.483283 0.674772
1646 0.483597 0.674362
1647 0.483303 0.674560
1648 0.483617 0.674757
1649 0.483930 0.674955
1650 0.484242 0.675152
1651 0.483949 0.675348
1652 0.484262 0.675545
1653 0.483969 0.675136
1654 0.483676 0.674728
1655 0.483384 0.674924
1656 0.483092 0.675121
1657 0.482800 0.675317
1658 0.482509 0.675513
1659 0.482821 0.675708
1660 0.483133 0.675904
1661 0.483444 0.675497
1662 0.483153 0.675090
1663 0.483464 0.675286
1664 0.483774 0.675481
1665 0.483483 0.675676
1666 0.483794 0.675870
1667 0.483503 0.676065
1668 0.483813 0.676259
1669 0.483523 0.675854
1670 0.483234 0.675449
1671 0.482944 0.675045
1672 0.482656 0.675239
1673 0.482367 0.675433
1674 0.482676 0.675627
1675 0.482985 0.675224
1676 0.482697 0.675418
1677 0.482409 0.675015
1678 0.482122 0.674613
1679 0.481834 0.674806
1680 0.481548 0.674405
1681 0.481856 0.674004
1682 0.482164 0.674197
1683 0.481878 0.673797
1684 0.481591 0.673990
1685 0.481899 0.674184
1686 0.482206 0.674377
1687 0.481921 0.674570
1688 0.482227 0.674763
1689 0.482534 0.674956
1690 0.482249 0.674556
1691 0.481963 0.674749
1692 0.481678 0.674941
1693 0.481394 0.675133
1694 0.481700 0.675325
1695 0.482006 0.675516
1696 0.482311 0.675708
1697 0.482027 0.675899
1698 0.482332 0.675501
1699 0.482637 0.675692
1700 0.482941 0.675882
1701 0.482657 0.676073
1702 0.482961 0.676263
1703 0.482678 0.675866
1704 0.482981 0.676056
1705 0.482698 0.675660
1706 0.483001 0.675850
1707 0.483304 0.675454
1708 0.483607 0.675644
1709 0.483909 0.675834
1710 0.484211 0.675439
1711 0.484512 0.675044
1712 0.484813 0.675234
1713 0.485114 0.674839
1714 0.485414 0.674446
1715 0.485131 0.674636
1716 0.485431 0.674242
1717 0.485149 0.674432
1718 0.485448 0.674622
1719 0.485748 0.674811
1720 0.485465 0.675000
1721 0.485183 0.675189
1722 0.484901 0.674797
1723 0.484620 0.674405
1724 0.484919 0.674594
1725 0.485217 0.674783
1726 0.485516 0.674392
1727 0.485814 0.674580
1728 0.486111 0.674769
1729 0.485830 0.674957
1730 0.485549 0.675145
1731 0.485269 0.674754
1732 0.485566 0.674942
1733 0.485863 0.675130
1734 0.486159 0.674740
1735 0.485879 0.674928
1736 0.485599 0.675115
1737 0.485895 0.675302
1738 0.485616 0.675489
1739 0.485336 0.675676
1740 0.485632 0.675862
1741 0.485928 0.675474
1742 0.485649 0.675660
1743 0.485944 0.675273
1744 0.486239 0.674885
1745 0.486533 0.675072
1746 0.486254 0.674685
1747 0.486548 0.674871
1748 0.486270 0.674485
1749 0.486564 0.674671
1750 0.486286 0.674286
1751 0.486008 0.674472
1752 0.485731 0.674658
1753 0.485454 0.674843
1754 0.485177 0.674458
1755 0.485470 0.674644
1756 0.485763 0.674829
1757 0.485487 0.675014
1758 0.485210 0.674630
1759 0.484935 0.674247
1760 0.485227 0.673864
1761 0.484952 0.673481
1762 0.485244 0.673666
1763 0.485536 0.673851
1764 0.485828 0.673469
1765 0.486119 0.673088
1766 0.485844 0.673273
1767 0.485569 0.672892
1768 0.485860 0.673077
1769 0.485585 0.673262
1770 0.485876 0.673446
1771 0.485601 0.673631
1772 0.485892 0.673815
1773 0.486182 0.673999
1774 0.486471 0.674183
1775 0.486761 0.673803
1776 0.487050 0.673423
1777 0.487338 0.673044
1778 0.487064 0.673228
1779 0.487352 0.673412
1780 0.487640 0.673596
1781 0.487367 0.673779
1782 0.487654 0.673962
1783 0.487381 0.674145
1784 0.487668 0.674327
1785 0.487955 0.674510
1786 0.488242 0.674692
1787 0.487969 0.674874
1788 0.487696 0.675056
1789 0.487982 0.674679
1790 0.487709 0.674860
1791 0.487437 0.675042
1792 0.487723 0.674665
1793 0.487451 0.674847
1794 0.487737 0.675028
1795 0.487465 0.675209
1796 0.487751 0.675390
1797 0.488036 0.675014
1798 0.487764 0.675195
1799 0.487493 0.675375
1800 0.487222 0.675556
1801 0.487507 0.675180
1802 0.487236 0.674806
1803 0.487521 0.674986
1804 0.487251 0.674612
1805 0.486981 0.674792
1806 0.487265 0.674972
1807 0.486995 0.674599
1808 0.487279 0.674779
1809 0.487009 0.674406
1810 0.486740 0.674033
1811 0.487024 0.674213
1812 0.486755 0.673841
1813 0.487038 0.674021
1814 0.487321 0.674201
1815 0.487603 0.673829
1816 0.487335 0.673458
1817 0.487617 0.673088
1818 0.487349 0.672717
1819 0.487081 0.672347
1820 0.486813 0.671978
1821 0.486546 0.671609
1822 0.486279 0.671789
1823 0.486561 0.671969
1824 0.486842 0.671601
1825 0.486575 0.671781
1826 0.486309 0.671961
1827 0.486043 0.672140
1828 0.485777 0.671772
1829 0.485511 0.671405
1830 0.485792 0.671585
1831 0.485527 0.671764
1832 0.485262 0.671397
1833 0.484997 0.671577
1834 0.485278 0.671756
1835 0.485559 0.671390
1836 0.485294 0.671024
1837 0.485030 0.671203
1838 0.484766 0.671382
1839 0.484502 0.671017
1840 0.484239 0.671196
1841 0.483976 0.671374
1842 0.483713 0.671553
1843 0.483451 0.671731
1844 0.483731 0.671367
1845 0.483469 0.671545
1846 0.483207 0.671723
1847 0.483487 0.671900
1848 0.483225 0.672078
1849 0.483505 0.672255
1850 0.483243 0.672432
1851 0.483522 0.672609
1852 0.483261 0.672786
1853 0.483540 0.672963
1854 0.483819 0.673139
1855 0.483558 0.672776
1856 0.483836 0.672953
1857 0.484114 0.673129
1858 0.483854 0.673305
1859 0.483593 0.672942
1860 0.483871 0.673118
1861 0.483611 0.672757
1862 0.483351 0.672932
1863 0.483629 0.673108
1864 0.483369 0.673283
1865 0.483646 0.673458
1866 0.483923 0.673098
1867 0.484199 0.673273
1868 0.484475 0.672912
1869 0.484751 0.672552
1870 0.485027 0.672727
1871 0.485302 0.672368
1872 0.485043 0.672543
1873 0.484784 0.672718
1874 0.484525 0.672892
1875 0.484267 0.673067
1876 0.484542 0.673241
1877 0.484816 0.673415
1878 0.484558 0.673056
1879 0.484832 0.673230
1880 0.485106 0.673404
1881 0.484848 0.673578
1882 0.484591 0.673220
1883 0.484865 0.673394
1884 0.485138 0.673036
1885 0.485411 0.672679
1886 0.485684 0.672853
1887 0.485427 0.673026
1888 0.485699 0.673199
1889 0.485971 0.673372
1890 0.485714 0.673016
1891 0.485457 0.673189
1892 0.485729 0.673362
1893 0.486001 0.673534
1894 0.485744 0.673178
1895 0.486016 0.672823
1896 0.485759 0.672996
1897 0.485503 0.672641
1898 0.485774 0.672813
1899 0.485519 0.672986
1900 0.485789 0.672632
1901 0.485534 0.672804
1902 0.485804 0.672976
1903 0.485549 0.673148
1904 0.485819 0.672794
1905 0.486089 0.672966
1906 0.485834 0.673137
1907 0.486104 0.673309
1908 0.486373 0.672956
1909 0.486642 0.673127
1910 0.486387 0.673298
1911 0.486133 0.673469
1912 0.486402 0.673640
1913 0.486147 0.673811
1914 0.486416 0.673981
1915 0.486684 0.674151
1916 0.486952 0.674322
1917 0.486698 0.673970
1918 0.486966 0.673618
1919 0.487233 0.673788
1920 0.486979 0.673958
1921 0.486726 0.673607
1922 0.486993 0.673777
1923 0.486739 0.673947
1924 0.486486 0.674116
1925 0.486234 0.674286
1926 0.485981 0.673936
1927 0.486248 0.673586
1928 0.485996 0.673755
1929 0.486262 0.673924
1930 0.486010 0.673575
1931 0.485759 0.673226
1932 0.486025 0.673395
1933 0.485773 0.673564
1934 0.485522 0.673216
1935 0.485271 0.673385
1936 0.485021 0.673037
1937 0.485287 0.672690
1938 0.485036 0.672343
1939 0.484786 0.671996
1940 0.485052 0.672165
1941 0.484802 0.672334
1942 0.485067 0.672503
1943 0.484817 0.672156
1944 0.484568 0.672325
1945 0.484833 0.672494
1946 0.484584 0.672148
1947 0.484335 0.672316
1948 0.484086 0.672485
1949 0.484351 0.672140
1950 0.484615 0.672308
1951 0.484367 0.672476
1952 0.484119 0.672131
1953 0.484383 0.671787
1954 0.484647 0.671955
1955 0.484910 0.672123
1956 0.484663 0.672290
1957 0.484415 0.672458
1958 0.484168 0.672625
1959 0.483920 0.672792
1960 0.484184 0.672959
1961 0.484447 0.673126
1962 0.484709 0.673293
1963 0.484972 0.672950
1964 0.484725 0.672607
1965 0.484987 0.672774
1966 0.484741 0.672940
1967 0.485003 0.672598
1968 0.484756 0.672764
1969 0.484510 0.672423
1970 0.484264 0.672081
1971 0.484526 0.672248
1972 0.484787 0.672414
1973 0.484541 0.672073
1974 0.484802 0.671733
1975 0.484557 0.671899
1976 0.484818 0.671559
1977 0.484573 0.671725
1978 0.484833 0.671385
1979 0.484588 0.671551
1980 0.484848 0.671717
1981 0.485109 0.671883
1982 0.485368 0.672048
1983 0.485124 0.672214
1984 0.484879 0.672379
1985 0.485139 0.672040
1986 0.484894 0.671702
1987 0.484650 0.671867
1988 0.484909 0.672032
1989 0.485168 0.672197
1990 0.484925 0.672362
1991 0.484681 0.672526
1992 0.484438 0.672189
1993 0.484195 0.672353
1994 0.484453 0.672016
1995 0.484211 0.672180
1996 0.484469 0.672345
1997 0.484727 0.672509
1998 0.484484 0.672172
1999 0.484742 0.672336
2000 0.485000 0.672000
2001 0.485257 0.672164
2002 0.485514 0.671828
2003 0.485272 0.671992
2004 0.485030 0.672156
2005 0.484788 0.672319
2006 0.485045 0.672483
2007 0.484803 0.672646
2008 0.485060 0.672809
2009 0.484818 0.672474
2010 0.484577 0.672637
2011 0.484833 0.672302
2012 0.485089 0.672465
2013 0.484848 0.672628
2014 0.484608 0.672790
2015 0.484864 0.672953
2016 0.485119 0.673115
2017 0.484879 0.673277
2018 0.485134 0.673439
2019 0.485389 0.673601
2020 0.485149 0.673267
2021 0.485403 0.673429
2022 0.485658 0.673591
2023 0.485912 0.673752
2024 0.486166 0.673419
2025 0.486420 0.673580
2026 0.486673 0.673741
2027 0.486433 0.673902
2028 0.486193 0.674063
2029 0.486447 0.674224
2030 0.486700 0.674384
2031 0.486952 0.674545
2032 0.487205 0.674705
2033 0.487457 0.674373
2034 0.487709 0.674533
2035 0.487961 0.674201
2036 0.487721 0.674361
2037 0.487973 0.674521
2038 0.488224 0.674190
2039 0.487984 0.673860
2040 0.487745 0.674020
2041 0.487996 0.674179
2042 0.487757 0.674339
2043 0.487518 0.674498
2044 0.487280 0.674168
2045 0.487042 0.673839
2046 0.487292 0.673998
2047 0.487543 0.674157
2048 0.487793 0.674316
2049 0.487555 0.673987
2050 0.487805 0.674146
2051 0.487567 0.673818
2052 0.487329 0.673977
2053 0.487579 0.674135
2054 0.487829 0.673807
2055 0.487591 0.673479
2056 0.487354 0.673152
2057 0.487117 0.673311
2058 0.487366 0.673469
2059 0.487615 0.673628
2060 0.487864 0.673301
2061 0.487627 0.672974
2062 0.487876 0.672648
2063 0.488124 0.672807
2064 0.488372 0.672965
2065 0.488136 0.673123
2066 0.488383 0.672798
2067 0.488147 0.672956
2068 0.487911 0.673114
2069 0.488159 0.672789
2070 0.488406 0.672464
2071 0.488653 0.672622
2072 0.488900 0.672780
2073 0.489146 0.672938
2074 0.489392 0.673095
2075 0.489639 0.673253
2076 0.489403 0.672929
2077 0.489649 0.673086
2078 0.489894 0.672762
2079 0.489658 0.672920
2080 0.489423 0.673077
2081 0.489188 0.673234
2082 0.488953 0.673391
2083 0.488718 0.673548
2084 0.488964 0.673704
2085 0.489209 0.673861
2086 0.489453 0.674017
2087 0.489698 0.674173
2088 0.489464 0.674330
2089 0.489708 0.674007
2090 0.489474 0.673684
2091 0.489240 0.673840
2092 0.489484 0.673996
2093 0.489250 0.673674
2094 0.489016 0.673830
2095 0.488783 0.673508
2096 0.488550 0.673187
2097 0.488317 0.673343
2098 0.488561 0.673499
2099 0.488804 0.673654
2100 0.489048 0.673333
2101 0.489291 0.673013
2102 0.489058 0.672693
2103 0.488825 0.672848
2104 0.488593 0.673004
2105 0.488836 0.673159
2106 0.488604 0.673314
2107 0.488372 0.673469
2108 0.488140 0.673150
2109 0.487909 0.672831
2110 0.487678 0.672986
2111 0.487920 0.672667
2112 0.488163 0.672822
2113 0.488405 0.672977
2114 0.488174 0.673132
2115 0.487943 0.673286
2116 0.488185 0.673440
2117 0.488427 0.673595
2118 0.488196 0.673277
2119 0.487966 0.672959
2120 0.487736 0.673113
2121 0.487506 0.672796
2122 0.487276 0.672950
2123 0.487518 0.673104
2124 0.487288 0.673258
2125 0.487059 0.673412
2126 0.487300 0.673565
2127 0.487541 0.673719
2128 0.487312 0.673872
2129 0.487553 0.674025
2130 0.487793 0.673709
2131 0.488034 0.673393
2132 0.488274 0.673077
2133 0.488514 0.672761
2134 0.488754 0.672915
2135 0.488993 0.673068
2136 0.489232 0.673221
2137 0.489003 0.673374
2138 0.488775 0.673059
2139 0.489014 0.673212
2140 0.489252 0.673364
2141 0.489024 0.673517
2142 0.488796 0.673669
2143 0.489034 0.673822
2144 0.488806 0.673974
2145 0.489044 0.673660
2146 0.488816 0.673812
2147 0.488589 0.673498
2148 0.488827 0.673650
2149 0.489065 0.673802
2150 0.488837 0.673488
2151 0.489075 0.673640
2152 0.488848 0.673792
2153 0.489085 0.673943
2154 0.489322 0.674095
2155 0.489095 0.673782
2156 0.489332 0.673469
2157 0.489105 0.673621
2158 0.489342 0.673772
2159 0.489579 0.673923
2160 0.489352 0.674074
2161 0.489125 0.673762
2162 0.489362 0.673913
2163 0.489135 0.674064
2164 0.488909 0.673752
2165 0.489145 0.673441
2166 0.488920 0.673592
2167 0.488694 0.673743
2168 0.488469 0.673432
2169 0.488243 0.673582
2170 0.488479 0.673733
2171 0.488254 0.673422
2172 0.488490 0.673112
2173 0.488265 0.673263
2174 0.488500 0.673413
2175 0.488276 0.673563
2176 0.488051 0.673713
2177 0.488287 0.673863
2178 0.488522 0.674013
2179 0.488297 0.673704
2180 0.488073 0.673394
2181 0.488308 0.673544
2182 0.488543 0.673694
2183 0.488319 0.673843
2184 0.488095 0.673993
2185 0.487872 0.674142
2186 0.487649 0.674291
2187 0.487883 0.674440
2188 0.487660 0.674132
2189 0.487437 0.674280
2190 0.487215 0.674429
2191 0.487449 0.674121
2192 0.487226 0.674270
2193 0.487004 0.674419
2194 0.487238 0.674567
2195 0.487472 0.674260
2196 0.487705 0.674408
2197 0.487938 0.674556
2198 0.488171 0.674704
2199 0.487949 0.674852
2200 0.488182 0.675000
2201 0.488414 0.675148
2202 0.488647 0.675295
2203 0.488879 0.675443
2204 0.488657 0.675136
2205 0.488435 0.674830
2206 0.488214 0.674524
2207 0.488446 0.674218
2208 0.488225 0.674366
2209 0.488456 0.674513
2210 0.488688 0.674208
2211 0.488919 0.673903
2212 0.488698 0.674051
2213 0.488929 0.674198
2214 0.489160 0.673893
2215 0.489391 0.674041
2216 0.489621 0.674188
2217 0.489400 0.674335
2218 0.489179 0.674031
2219 0.488959 0.673727
2220 0.489189 0.673874
2221 0.489419 0.673570
2222 0.489199 0.673267
2223 0.488979 0.673414
2224 0.488759 0.673561
2225 0.488539 0.673708
2226 0.488769 0.673405
2227 0.488550 0.673103
2228 0.488779 0.673250
2229 0.489009 0.673396
2230 0.489238 0.673543
2231 0.489018 0.673689
2232 0.488799 0.673387
2233 0.488580 0.673533
2234 0.488809 0.673679
2235 0.489038 0.673826
2236 0.489267 0.673971
2237 0.489048 0.673670
2238 0.488829 0.673816
2239 0.488611 0.673515
2240 0.488839 0.673661
2241 0.489067 0.673806
2242 0.488849 0.673952
2243 0.488631 0.674097
2244 0.488414 0.674242
2245 0.488196 0.674388
2246 0.488424 0.674533
2247 0.488652 0.674677
2248 0.488434 0.674377
2249 0.488662 0.674522
2250 0.488889 0.674667
2251 0.489116 0.674811
2252 0.488899 0.674956
2253 0.488682 0.675100
2254 0.488465 0.674800
2255 0.488692 0.674945
2256 0.488918 0.674645
2257 0.488702 0.674790
2258 0.488485 0.674491
2259 0.488712 0.674635
2260 0.488496 0.674779
2261 0.488722 0.674480
2262 0.488948 0.674624
2263 0.489174 0.674326
2264 0.488958 0.674470
2265 0.488742 0.674172
2266 0.488526 0.673875
2267 0.488752 0.673577
2268 0.488977 0.673721
2269 0.489202 0.673865
2270 0.489427 0.674009
2271 0.489652 0.673712
2272 0.489437 0.673415
2273 0.489221 0.673119
2274 0.489446 0.672823
2275 0.489670 0.672527
2276 0.489895 0.672232
2277 0.490119 0.671937
2278 0.489903 0.672081
2279 0.489688 0.672225
2280 0.489912 0.672368
2281 0.489698 0.672074
2282 0.489483 0.672217
2283 0.489707 0.672361
2284 0.489930 0.672067
2285 0.490153 0.672210
2286 0.490376 0.671916
2287 0.490162 0.672059
2288 0.489948 0.672203
2289 0.489734 0.672346
2290 0.489520 0.672489
2291 0.489306 0.672632
2292 0.489092 0.672775
2293 0.488879 0.672918
2294 0.489102 0.673060
2295 0.488889 0.673203
2296 0.489111 0.673345
2297 0.489334 0.673487
2298 0.489121 0.673629
2299 0.489343 0.673771
2300 0.489130 0.673913
2301 0.489352 0.674055
2302 0.489140 0.674196
2303 0.488927 0.674338
2304 0.488715 0.674045
2305 0.488937 0.673753
2306 0.489159 0.673894
2307 0.488947 0.673602
2308 0.488735 0.673310
2309 0.488523 0.673019
2310 0.488312 0.673160
2311 0.488533 0.673302
2312 0.488322 0.673443
2313 0.488543 0.673584
2314 0.488764 0.673725
2315 0.488553 0.673866
2316 0.488342 0.673575
2317 0.488131 0.673716
2318 0.488352 0.673857
2319 0.488573 0.673566
2320 0.488793 0.673707
2321 0.489013 0.673847
2322 0.488803 0.673557
2323 0.489023 0.673698
2324 0.488812 0.673838
2325 0.488602 0.673548
2326 0.488822 0.673689
2327 0.488612 0.673829
2328 0.488402 0.673969
2329 0.488622 0.674109
2330 0.488841 0.673820
2331 0.489060 0.673960
2332 0.489280 0.674099
2333 0.489498 0.674239
2334 0.489717 0.674379
2335 0.489936 0.674518
2336 0.489726 0.674229
2337 0.489944 0.674369
2338 0.489735 0.674080
2339 0.489525 0.674220
2340 0.489316 0.674359
2341 0.489534 0.674498
2342 0.489325 0.674637
2343 0.489543 0.674776
2344 0.489334 0.674488
2345 0.489126 0.674627
2346 0.488917 0.674766
2347 0.488709 0.674904
2348 0.488501 0.675043
2349 0.488293 0.675181
2350 0.488085 0.675319
2351 0.488303 0.675457
2352 0.488095 0.675595
2353 0.488313 0.675308
2354 0.488105 0.675021
2355 0.487898 0.675159
2356 0.487691 0.675297
2357 0.487908 0.675435
2358 0.487701 0.675148
2359 0.487495 0.675286
2360 0.487712 0.675424
2361 0.487929 0.675561
2362 0.488146 0.675699
2363 0.487939 0.675836
2364 0.487733 0.675550
2365 0.487949 0.675687
2366 0.487743 0.675824
2367 0.487537 0.675961
2368 0.487331 0.676098
2369 0.487125 0.675813
2370 0.486920 0.675949
2371 0.486714 0.675664
2372 0.486509 0.675379
2373 0.486726 0.675516
2374 0.486942 0.675232
2375 0.486737 0.674947
2376 0.486953 0.675084
2377 0.487169 0.675221
2378 0.486964 0.674937
2379 0.486759 0.675074
2380 0.486975 0.675210
2381 0.486770 0.675346
2382 0.486986 0.675483
2383 0.487201 0.675199
2384 0.487416 0.675336
2385 0.487631 0.675472
2386 0.487427 0.675608
2387 0.487222 0.675325
2388 0.487437 0.675461
2389 0.487233 0.675596
2390 0.487448 0.675732
2391 0.487244 0.675868
2392 0.487040 0.676003
2393 0.486837 0.676139
2394 0.487051 0.675856
2395 0.486848 0.675574
2396 0.487062 0.675710
2397 0.487276 0.675428
2398 0.487490 0.675563
2399 0.487286 0.675281
2400 0.487083 0.675417
2401 0.486880 0.675552
2402 0.486678 0.675687
2403 0.486475 0.675406
2404 0.486273 0.675541
2405 0.486486 0.675676
2406 0.486700 0.675810
2407 0.486498 0.675945
2408 0.486296 0.676080
2409 0.486094 0.675799
2410 0.485892 0.675934
2411 0.486105 0.676068
2412 0.485904 0.675788
2413 0.485702 0.675508
2414 0.485501 0.675228
2415 0.485714 0.675362
2416 0.485513 0.675497
2417 0.485312 0.675217
2418 0.485112 0.675352
2419 0.485325 0.675486
2420 0.485124 0.675620
2421 0.484924 0.675754
2422 0.485136 0.675888
2423 0.485349 0.675609
2424 0.485561 0.675330
2425 0.485361 0.675052
2426 0.485161 0.675185
2427 0.484961 0.675319
2428 0.485173 0.675453
2429 0.485385 0.675587
2430 0.485185 0.675720
2431 0.485397 0.675854
2432 0.485609 0.675987
2433 0.485820 0.675709
2434 0.486031 0.675842
2435 0.485832 0.675565
2436 0.486043 0.675698
2437 0.486254 0.675421
2438 0.486054 0.675554
2439 0.485855 0.675277
2440 0.485656 0.675410
2441 0.485866 0.675543
2442 0.486077 0.675676
2443 0.486287 0.675399
2444 0.486088 0.675532
2445 0.485890 0.675665
2446 0.485691 0.675797
2447 0.485901 0.675930
2448 0.486111 0.676062
2449 0.485913 0.676194
2450 0.485714 0.675918
2451 0.485516 0.676051
2452 0.485318 0.676183
2453 0.485528 0.676315
2454 0.485738 0.676039
2455 0.485947 0.675764
2456 0.485749 0.675896
2457 0.485958 0.676028
2458 0.486168 0.676159
2459 0.486377 0.676291
2460 0.486585 0.676423
2461 0.486794 0.676148
2462 0.487002 0.675873
2463 0.486805 0.676005
2464 0.487013 0.676136
2465 0.486815 0.676268
2466 0.487024 0.676399
2467 0.487231 0.676125
2468 0.487439 0.675851
2469 0.487647 0.675982
2470 0.487854 0.676113
2471 0.487657 0.676244
2472 0.487864 0.676375
2473 0.488071 0.676102
2474 0.488278 0.676233
2475 0.488485 0.676364
2476 0.488691 0.676494
2477 0.488898 0.676221
2478 0.488701 0.676352
2479 0.488503 0.676482
2480 0.488710 0.676613
2481 0.488916 0.676743
2482 0.488719 0.676471
2483 0.488925 0.676601
2484 0.488728 0.676731
2485 0.488531 0.676861
2486 0.488335 0.676589
2487 0.488138 0.676719
2488 0.488344 0.676447
2489 0.488148 0.676577
2490 0.487952 0.676707
2491 0.488157 0.676435
2492 0.488363 0.676565
2493 0.488568 0.676695
2494 0.488773 0.676824
2495 0.488978 0.676954
2496 0.489183 0.677083
2497 0.488987 0.677213
2498 0.488791 0.677342
2499 0.488595 0.677471
2500 0.488400 0.677600
2501 0.488205 0.677329
2502 0.488010 0.677458
2503 0.487815 0.677587
2504 0.488019 0.677716
2505 0.487824 0.677844
2506 0.487630 0.677973
2507 0.487834 0.678101
2508 0.488038 0.677831
2509 0.487844 0.677561
2510 0.488048 0.677689
2511 0.488252 0.677419
2512 0.488057 0.677548
2513 0.487863 0.677676
2514 0.488067 0.677804
2515 0.487873 0.677535
2516 0.488076 0.677266
2517 0.487882 0.677394
2518 0.488086 0.677125
2519 0.488289 0.677253
2520 0.488492 0.677381
2521 0.488298 0.677112
2522 0.488501 0.677240
2523 0.488308 0.676972
2524 0.488510 0.677100
2525 0.488317 0.676832
2526 0.488124 0.676960
2527 0.487930 0.676692
2528 0.487737 0.676820
2529 0.487940 0.676947
2530 0.488142 0.677075
2531 0.488345 0.677203
2532 0.488547 0.677330
2533 0.488354 0.677458
2534 0.488556 0.677190
2535 0.488363 0.677318
2536 0.488565 0.677050
2537 0.488766 0.677178
2538 0.488574 0.677305
2539 0.488775 0.677432
2540 0.488583 0.677559
2541 0.488390 0.677686
2542 0.488198 0.677419
2543 0.488006 0.677546
2544 0.487814 0.677673
2545 0.488016 0.677407
2546 0.488217 0.677141
2547 0.488418 0.676875
2548 0.488226 0.677002
2549 0.488035 0.677128
2550 0.487843 0.677255
2551 0.488044 0.676989
2552 0.487853 0.677116
2553 0.488053 0.677242
2554 0.488254 0.676977
2555 0.488454 0.677104
2556 0.488263 0.677230
2557 0.488072 0.676965
2558 0.487881 0.677091
2559 0.487691 0.676827
2560 0.487500 0.676953
2561 0.487700 0.676689
2562 0.487900 0.676815
2563 0.487710 0.676551
2564 0.487910 0.676677
2565 0.487719 0.676413
2566 0.487529 0.676539
2567 0.487339 0.676665
2568 0.487150 0.676402
2569 0.486960 0.676528
2570 0.486770 0.676654
2571 0.486581 0.676779
2572 0.486781 0.676516
2573 0.486592 0.676642
2574 0.486402 0.676379
2575 0.486602 0.676117
2576 0.486413 0.676242
2577 0.486612 0.676368
2578 0.486811 0.676493
2579 0.486623 0.676231
2580 0.486822 0.676357
2581 0.487021 0.676482
2582 0.486832 0.676220
2583 0.486643 0.676345
2584 0.486842 0.676471
2585 0.487041 0.676209
2586 0.486852 0.676334
2587 0.487051 0.676459
2588 0.487249 0.676584
2589 0.487061 0.676709
2590 0.486873 0.676834
2591 0.486685 0.676959
2592 0.486883 0.677083
2593 0.487081 0.676822
2594 0.486893 0.676947
2595 0.486705 0.676686
2596 0.486518 0.676810
2597 0.486715 0.676935
2598 0.486913 0.676674
2599 0.486726 0.676414
2600 0.486538 0.676538
2601 0.486736 0.676663
2602 0.486933 0.676403
2603 0.487130 0.676527
2604 0.487327 0.676651
2605 0.487524 0.676392
2606 0.487337 0.676132
2607 0.487534 0.676256
2608 0.487730 0.676380
2609 0.487926 0.676504
2610 0.488123 0.676245
2611 0.488319 0.676369
2612 0.488132 0.676493
2613 0.487945 0.676617
2614 0.488141 0.676358
2615 0.487954 0.676482
2616 0.487768 0.676606
2617 0.487963 0.676729
2618 0.488159 0.676853
2619 0.487973 0.676594
2620 0.487786 0.676718
2621 0.487982 0.676459
2622 0.488177 0.676583
2623 0.488372 0.676325
2624 0.488567 0.676448
2625 0.488381 0.676571
2626 0.488195 0.676695
2627 0.488009 0.676818
2628 0.488204 0.676560
2629 0.488399 0.676683
2630 0.488213 0.676806
2631 0.488407 0.676929
2632 0.488602 0.677052
2633 0.488416 0.677174
2634 0.488610 0.677297
2635 0.488805 0.677419
2636 0.488619 0.677542
2637 0.488434 0.677285
2638 0.488249 0.677407
2639 0.488443 0.677529
2640 0.488636 0.677652
2641 0.488451 0.677774
2642 0.488645 0.677517
2643 0.488838 0.677639
2644 0.488654 0.677383
2645 0.488847 0.677505
2646 0.489040 0.677627
2647 0.488855 0.677371
2648 0.489048 0.677115
2649 0.488864 0.677237
2650 0.489057 0.677358
2651 0.488872 0.677480
2652 0.489065 0.677225
2653 0.489257 0.677346
2654 0.489450 0.677468
2655 0.489642 0.677589
2656 0.489834 0.677334
2657 0.489650 0.677456
2658 0.489466 0.677577
2659 0.489282 0.677322
2660 0.489098 0.677444
2661 0.488914 0.677189
2662 0.488730 0.677310
2663 0.488922 0.677431
2664 0.488739 0.677553
2665 0.488931 0.677674
2666 0.488747 0.677419
2667 0.488564 0.677165
2668 0.488756 0.676912
2669 0.488947 0.677033
2670 0.488764 0.676779
2671 0.488955 0.676900
2672 0.488772 0.677021
2673 0.488964 0.676768
2674 0.489155 0.676889
2675 0.488972 0.677009
2676 0.488789 0.677130
2677 0.488980 0.677251
2678 0.489171 0.677371
2679 0.489362 0.677492
2680 0.489552 0.677612
2681 0.489370 0.677732
2682 0.489187 0.677852
2683 0.489378 0.677972
2684 0.489568 0.678092
2685 0.489385 0.677840
2686 0.489576 0.677960
2687 0.489393 0.678080
2688 0.489211 0.677827
2689 0.489029 0.677575
2690 0.489219 0.677695
2691 0.489038 0.677443
2692 0.489227 0.677192
2693 0.489417 0.677312
2694 0.489607 0.677060
2695 0.489796 0.677180
2696 0.489614 0.677300
2697 0.489433 0.677049
2698 0.489622 0.677168
2699 0.489441 0.676917
2700 0.489630 0.677037
2701 0.489819 0.677157
2702 0.490007 0.677276
2703 0.490196 0.677395
2704 0.490385 0.677515
2705 0.490573 0.677634
2706 0.490761 0.677753
2707 0.490949 0.677503
2708 0.490768 0.677622
2709 0.490587 0.677372
2710 0.490406 0.677491
2711 0.490594 0.677610
2712 0.490782 0.677729
2713 0.490969 0.677847
2714 0.490789 0.677598
2715 0.490608 0.677716
2716 0.490795 0.677835
2717 0.490615 0.677954
2718 0.490434 0.678072
2719 0.490254 0.678191
2720 0.490441 0.677941
2721 0.490261 0.678060
2722 0.490448 0.678178
2723 0.490635 0.678296
2724 0.490455 0.678414
2725 0.490642 0.678165
2726 0.490462 0.677916
2727 0.490282 0.677668
2728 0.490469 0.677786
2729 0.490289 0.677904
2730 0.490476 0.678022
2731 0.490663 0.678140
2732 0.490483 0.678258
2733 0.490304 0.678375
2734 0.490124 0.678493
2735 0.489945 0.678611
2736 0.490132 0.678363
2737 0.490318 0.678480
2738 0.490504 0.678598
2739 0.490325 0.678715
2740 0.490146 0.678832
2741 0.490332 0.678949
2742 0.490153 0.679066
2743 0.490339 0.679183
2744 0.490160 0.678936
2745 0.489982 0.679053
2746 0.489803 0.678806
2747 0.489625 0.678922
2748 0.489811 0.679039
2749 0.489633 0.678792
2750 0.489455 0.678545
2751 0.489277 0.678299
2752 0.489099 0.678416
2753 0.488921 0.678533
2754 0.488744 0.678649
2755 0.488566 0.678766
2756 0.488752 0.678520
2757 0.488575 0.678273
2758 0.488397 0.678390
2759 0.488220 0.678144
2760 0.488406 0.678261
2761 0.488591 0.678015
2762 0.488414 0.677770
2763 0.488237 0.677524
2764 0.488061 0.677641
2765 0.487884 0.677758
2766 0.488069 0.677874
2767 0.487893 0.677991
2768 0.487717 0.678107
2769 0.487902 0.678223
2770 0.487726 0.678339
2771 0.487911 0.678095
2772 0.488095 0.677850
2773 0.487919 0.677605
2774 0.488104 0.677361
2775 0.488288 0.677477
2776 0.488112 0.677594
2777 0.487937 0.677710
2778 0.488121 0.677826
2779 0.487945 0.677942
2780 0.488129 0.678058
2781 0.488314 0.677814
2782 0.488497 0.677930
2783 0.488681 0.677686
2784 0.488865 0.677802
2785 0.489048 0.677917
2786 0.489232 0.678033
2787 0.489415 0.678149
2788 0.489240 0.677905
2789 0.489064 0.678021
2790 0.489247 0.677778
2791 0.489430 0.677893
2792 0.489613 0.677650
2793 0.489796 0.677766
2794 0.489979 0.677881
2795 0.489803 0.677996
2796 0.489986 0.677754
2797 0.489811 0.677512
2798 0.489635 0.677627
2799 0.489461 0.677385
2800 0.489643 0.677500
2801 0.489825 0.677615
2802 0.489650 0.677730
2803 0.489476 0.677845
2804 0.489658 0.677960
2805 0.489840 0.678075
2806 0.489665 0.677833
2807 0.489847 0.677948
2808 0.490028 0.677707
2809 0.490210 0.677821
2810 0.490391 0.677580
2811 0.490217 0.677695
2812 0.490043 0.677809
2813 0.489868 0.677924
2814 0.490050 0.678038
2815 0.490231 0.678153
2816 0.490412 0.678267
2817 0.490238 0.678381
2818 0.490419 0.678141
2819 0.490245 0.678255
2820 0.490071 0.678014
2821 0.489897 0.678128
2822 0.490078 0.677888
2823 0.489904 0.678002
2824 0.489731 0.678116
2825 0.489912 0.678230
2826 0.489738 0.678344
2827 0.489919 0.678458
2828 0.489745 0.678218
2829 0.489926 0.677978
2830 0.489753 0.678092
2831 0.489933 0.678206
2832 0.489760 0.678319
2833 0.489587 0.678433
2834 0.489414 0.678546
2835 0.489594 0.678660
2836 0.489774 0.678773
2837 0.489954 0.678886
2838 0.489782 0.678999
2839 0.489609 0.679112
2840 0.489789 0.679225
2841 0.489968 0.679338
2842 0.489796 0.679451
2843 0.489624 0.679564
2844 0.489803 0.679677
2845 0.489982 0.679438
2846 0.490162 0.679550
2847 0.490341 0.679312
2848 0.490169 0.679424
2849 0.490347 0.679537
2850 0.490175 0.679649
2851 0.490004 0.679761
2852 0.490182 0.679874
2853 0.490011 0.679635
2854 0.490189 0.679748
2855 0.490368 0.679860
2856 0.490196 0.679622
2857 0.490025 0.679384
2858 0.490203 0.679496
2859 0.490381 0.679608
2860 0.490210 0.679720
2861 0.490388 0.679832
2862 0.490217 0.679944
2863 0.490395 0.680056
2864 0.490573 0.680168
2865 0.490401 0.680279
2866 0.490230 0.680391
2867 0.490059 0.680502
2868 0.489888 0.680614
2869 0.490066 0.680376
2870 0.490244 0.680488
2871 0.490421 0.680251
2872 0.490599 0.680362
2873 0.490776 0.680473
2874 0.490605 0.680585
2875 0.490783 0.680348
2876 0.490612 0.680459
2877 0.490441 0.680570
2878 0.490271 0.680681
2879 0.490101 0.680792
2880 0.490278 0.680903
2881 0.490108 0.680666
2882 0.489938 0.680777
2883 0.489768 0.680888
2884 0.489945 0.680652
2885 0.490121 0.680763
2886 0.490298 0.680527
2887 0.490128 0.680637
2888 0.490305 0.680748
2889 0.490135 0.680858
2890 0.490311 0.680623
2891 0.490488 0.680733
2892 0.490318 0.680844
2893 0.490149 0.680954
2894 0.489979 0.681064
2895 0.489810 0.680829
2896 0.489986 0.680939
2897 0.489817 0.681049
2898 0.489648 0.681159
2899 0.489479 0.681269
2900 0.489310 0.681379
2901 0.489142 0.681489
2902 0.489318 0.681599
2903 0.489149 0.681364
2904 0.488981 0.681474
2905 0.488812 0.681583
2906 0.488644 0.681349
2907 0.488820 0.681459
2908 0.488996 0.681568
2909 0.488828 0.681678
2910 0.488660 0.681443
2911 0.488835 0.681553
2912 0.489011 0.681319
2913 0.489186 0.681085
2914 0.489019 0.681194
2915 0.489194 0.681304
2916 0.489369 0.681413
2917 0.489201 0.681179
2918 0.489376 0.681289
2919 0.489551 0.681055
2920 0.489384 0.680822
2921 0.489216 0.680931
2922 0.489391 0.680698
2923 0.489223 0.680807
2924 0.489056 0.680917
2925 0.489231 0.681026
2926 0.489064 0.680793
2927 0.489238 0.680902
2928 0.489413 0.680669
2929 0.489587 0.680778
2930 0.489420 0.680546
2931 0.489594 0.680314
2932 0.489768 0.680423
2933 0.489601 0.680532
2934 0.489775 0.680641
2935 0.489949 0.680750
2936 0.489782 0.680518
2937 0.489615 0.680626
2938 0.489789 0.680735
2939 0.489963 0.680844
2940 0.490136 0.680612
2941 0.490309 0.680721
2942 0.490143 0.680829
2943 0.490316 0.680938
2944 0.490149 0.680707
2945 0.489983 0.680475
2946 0.490156 0.680584
2947 0.489990 0.680692
2948 0.489824 0.680801
2949 0.489658 0.680909
2950 0.489831 0.681017
2951 0.489665 0.681125
2952 0.489499 0.681233
2953 0.489672 0.681341
2954 0.489506 0.681449
2955 0.489340 0.681218
2956 0.489175 0.681326
2957 0.489347 0.681434
2958 0.489520 0.681542
2959 0.489692 0.681311
2960 0.489865 0.681419
2961 0.490037 0.681189
2962 0.489872 0.681296
2963 0.489706 0.681404
2964 0.489541 0.681511
2965 0.489713 0.681282
2966 0.489548 0.681389
2967 0.489720 0.681496
2968 0.489555 0.681604
2969 0.489727 0.681711
2970 0.489562 0.681481
2971 0.489398 0.681589
2972 0.489569 0.681696
2973 0.489405 0.681803
2974 0.489240 0.681910
2975 0.489412 0.681681
2976 0.489247 0.681452
2977 0.489419 0.681223
2978 0.489590 0.681330
2979 0.489426 0.681437
2980 0.489262 0.681208
2981 0.489098 0.680980
2982 0.489269 0.680751
2983 0.489440 0.680523
2984 0.489611 0.680630
2985 0.489782 0.680737
2986 0.489618 0.680844
2987 0.489454 0.680951
2988 0.489625 0.681058
2989 0.489461 0.681164
2990 0.489632 0.681271
2991 0.489468 0.681043
2992 0.489639 0.681150
2993 0.489475 0.681256
2994 0.489312 0.681363
2995 0.489149 0.681469
2996 0.488985 0.681242
2997 0.489156 0.681014
2998 0.488993 0.681121
2999 0.489163 0.681227
3000 0.489333 0.681333
3001 0.489170 0.681440
3002 0.489340 0.681546
3003 0.489177 0.681652
3004 0.489015 0.681425
3005 0.489185 0.681531
3006 0.489022 0.681637
3007 0.489192 0.681410
3008 0.489029 0.681516
3009 0.489199 0.681622
3010 0.489037 0.681728
3011 0.488874 0.681833
3012 0.488712 0.681607
3013 0.488882 0.681713
3014 0.489051 0.681818
3015 0.489221 0.681924
3016 0.489390 0.682029
3017 0.489228 0.681803
3018 0.489397 0.681909
3019 0.489235 0.682014
3020 0.489404 0.681788
3021 0.489242 0.681893
3022 0.489411 0.681999
3023 0.489249 0.681773
3024 0.489418 0.681548
3025 0.489587 0.681653
3026 0.489755 0.681428
3027 0.489924 0.681533
3028 0.490092 0.681638
3029 0.490261 0.681743
3030 0.490099 0.681848
3031 0.489937 0.681953
3032 0.490106 0.682058
3033 0.489944 0.681833
3034 0.489782 0.681938
3035 0.489951 0.682043
3036 0.490119 0.682148
3037 0.489957 0.682252
3038 0.489796 0.682357
3039 0.489635 0.682461
3040 0.489474 0.682566
3041 0.489313 0.682670
3042 0.489481 0.682774
3043 0.489320 0.682879
3044 0.489159 0.682654
3045 0.488998 0.682759
3046 0.488838 0.682534
3047 0.488677 0.682639
3048 0.488845 0.682415
3049 0.488685 0.682519
3050 0.488852 0.682623
3051 0.488692 0.682727
3052 0.488860 0.682831
3053 0.488700 0.682935
3054 0.488540 0.683039
3055 0.488380 0.682815
3056 0.488547 0.682592
3057 0.488387 0.682368
3058 0.488555 0.682472
3059 0.488722 0.682576
3060 0.488889 0.682680
3061 0.488729 0.682783
3062 0.488570 0.682887
3063 0.488737 0.682664
3064 0.488577 0.682768
3065 0.488744 0.682871
3066 0.488584 0.682975
3067 0.488425 0.683078
3068 0.488592 0.683181
3069 0.488759 0.682959
3070 0.488599 0.682736
3071 0.488440 0.682514
3072 0.488281 0.682617
3073 0.488122 0.682395
3074 0.488289 0.682173
3075 0.488130 0.682276
3076 0.487971 0.682380
3077 0.488138 0.682158
3078 0.487979 0.682261
3079 0.488146 0.682364
3080 0.487987 0.682143
3081 0.487829 0.682246
3082 0.487995 0.682349
3083 0.487837 0.682452
3084 0.488003 0.682555
3085 0.488169 0.682658
3086 0.488010 0.682761
3087 0.488176 0.682540
3088 0.488342 0.682642
3089 0.488508 0.682745
3090 0.488673 0.682524
3091 0.488515 0.682627
3092 0.488680 0.682406
3093 0.488522 0.682509
3094 0.488365 0.682612
3095 0.488530 0.682714
3096 0.488372 0.682817
3097 0.488537 0.682919
3098 0.488702 0.682699
3099 0.488545 0.682801
3100 0.488710 0.682903
3101 0.488552 0.682683
3102 0.488395 0.682785
3103 0.488237 0.682888
3104 0.488080 0.682668
3105 0.487923 0.682448
3106 0.487766 0.682550
3107 0.487930 0.682652
3108 0.487773 0.682754
3109 0.487617 0.682856
3110 0.487460 0.682958
3111 0.487625 0.683060
3112 0.487468 0.683162
3113 0.487633 0.683264
3114 0.487476 0.683044
3115 0.487319 0.683146
3116 0.487484 0.683248
3117 0.487648 0.683349
3118 0.487813 0.683451
3119 0.487977 0.683552
3120 0.487821 0.683654
3121 0.487664 0.683755
3122 0.487828 0.683857
3123 0.487992 0.683958
3124 0.488156 0.684059
3125 0.488000 0.683840
3126 0.488164 0.683941
3127 0.488327 0.684042
3128 0.488171 0.684143
3129 0.488335 0.684244
3130 0.488179 0.684026
3131 0.488342 0.684126
3132 0.488506 0.684227
3133 0.488669 0.684328
3134 0.488832 0.684429
3135 0.488676 0.684211
3136 0.488520 0.684311
3137 0.488683 0.684412
3138 0.488528 0.684194
3139 0.488372 0.683976
3140 0.488217 0.684076
3141 0.488061 0.684177
3142 0.488224 0.684278
3143 0.488069 0.684378
3144 0.488232 0.684478
3145 0.488394 0.684579
3146 0.488239 0.684679
3147 0.488084 0.684779
3148 0.488247 0.684879
3149 0.488091 0.684979
3150 0.487937 0.684762
3151 0.487782 0.684862
3152 0.487627 0.684962
3153 0.487789 0.685062
3154 0.487952 0.685162
3155 0.488114 0.685261
3156 0.488276 0.685044
3157 0.488122 0.685144
3158 0.487967 0.685244
3159 0.488129 0.685027
3160 0.488291 0.685127
3161 0.488453 0.685226
3162 0.488299 0.685009
3163 0.488460 0.684793
3164 0.488622 0.684576
3165 0.488784 0.684676
3166 0.488945 0.684776
3167 0.488791 0.684875
3168 0.488636 0.684975
3169 0.488798 0.684759
3170 0.488644 0.684543
3171 0.488805 0.684642
3172 0.488651 0.684741
3173 0.488497 0.684841
3174 0.488658 0.684940
3175 0.488504 0.684724
3176 0.488350 0.684824
3177 0.488511 0.684608
3178 0.488672 0.684707
3179 0.488833 0.684807
3180 0.488994 0.684906
3181 0.489154 0.685005
3182 0.489001 0.685104
3183 0.489161 0.685203
3184 0.489322 0.684987
3185 0.489168 0.685086
3186 0.489328 0.685185
3187 0.489175 0.685284
3188 0.489335 0.685383
3189 0.489182 0.685481
3190 0.489342 0.685580
3191 0.489188 0.685365
3192 0.489348 0.685150
3193 0.489195 0.685249
3194 0.489355 0.685348
3195 0.489515 0.685446
3196 0.489362 0.685544
3197 0.489209 0.685330
3198 0.489056 0.685428
3199 0.488903 0.685527
3200 0.489063 0.685625
3201 0.488910 0.685723
3202 0.489069 0.685821
3203 0.488917 0.685919
3204 0.489076 0.686017
3205 0.488924 0.686115
3206 0.488771 0.686213
3207 0.488619 0.686311
3208 0.488466 0.686097
3209 0.488314 0.686195
3210 0.488162 0.685981
3211 0.488321 0.686079
3212 0.488481 0.686177
3213 0.488640 0.686275
3214 0.488799 0.686372
3215 0.488958 0.686470
3216 0.488806 0.686567
3217 0.488654 0.686354
3218 0.488813 0.686140
3219 0.488972 0.685927
3220 0.489130 0.685714
3221 0.489289 0.685501
3222 0.489137 0.685289
3223 0.488985 0.685386
3224 0.489144 0.685484
3225 0.489302 0.685581
3226 0.489461 0.685679
3227 0.489619 0.685776
3228 0.489777 0.685874
3229 0.489935 0.685971
3230 0.490093 0.686068
3231 0.489941 0.686165
3232 0.490099 0.685953
3233 0.490257 0.686050
3234 0.490414 0.686147
3235 0.490263 0.685935
3236 0.490420 0.686032
3237 0.490269 0.686129
3238 0.490117 0.686226
3239 0.489966 0.686323
3240 0.490123 0.686420
3241 0.489972 0.686517
3242 0.489821 0.686305
3243 0.489670 0.686093
3244 0.489519 0.686190
3245 0.489368 0.685978
3246 0.489526 0.685767
3247 0.489375 0.685556
3248 0.489224 0.685653
3249 0.489381 0.685749
3250 0.489538 0.685538
3251 0.489695 0.685328
3252 0.489852 0.685424
3253 0.489702 0.685214
3254 0.489551 0.685003
3255 0.489708 0.685100
3256 0.489865 0.685197
3257 0.489714 0.685293
3258 0.489871 0.685390
3259 0.489721 0.685486
3260 0.489571 0.685583
3261 0.489727 0.685679
3262 0.489884 0.685776
3263 0.489733 0.685872
3264 0.489890 0.685968
3265 0.490046 0.686064
3266 0.489896 0.686160
3267 0.489746 0.686257
3268 0.489596 0.686353
3269 0.489752 0.686143
3270 0.489602 0.686239
3271 0.489453 0.686334
3272 0.489609 0.686125
3273 0.489765 0.686221
3274 0.489921 0.686011
3275 0.490076 0.686107
3276 0.489927 0.686203
3277 0.489777 0.686298
3278 0.489933 0.686394
3279 0.489783 0.686490
3280 0.489939 0.686585
3281 0.489790 0.686681
3282 0.489640 0.686776
3283 0.489491 0.686872
3284 0.489342 0.686967
3285 0.489193 0.687062
3286 0.489044 0.686853
3287 0.488896 0.686644
3288 0.489051 0.686740
3289 0.489206 0.686835
3290 0.489058 0.686930
3291 0.489213 0.687025
3292 0.489064 0.687120
3293 0.488916 0.687215
3294 0.488767 0.687310
3295 0.488923 0.687102
3296 0.488774 0.687197
3297 0.488626 0.686988
3298 0.488781 0.686780
3299 0.488633 0.686875
3300 0.488788 0.686667
3301 0.488943 0.686762
3302 0.489098 0.686856
3303 0.488949 0.686951
3304 0.489104 0.686743
3305 0.489259 0.686536
3306 0.489111 0.686328
3307 0.489265 0.686423
3308 0.489117 0.686518
3309 0.488969 0.686612
3310 0.488822 0.686707
3311 0.488674 0.686500
3312 0.488829 0.686292
3313 0.488681 0.686387
3314 0.488533 0.686482
3315 0.488386 0.686275
3316 0.488540 0.686369
3317 0.488695 0.686464
3318 0.488547 0.686558
3319 0.488400 0.686653
3320 0.488554 0.686747
3321 0.488708 0.686841
3322 0.488561 0.686635
3323 0.488715 0.686729
3324 0.488869 0.686823
3325 0.488722 0.686617
3326 0.488876 0.686410
3327 0.489029 0.686504
3328 0.488882 0.686298
3329 0.489036 0.686092
3330 0.489189 0.686186
3331 0.489042 0.686280
3332 0.489196 0.686375
3333 0.489349 0.686469
3334 0.489502 0.686563
3335 0.489355 0.686357
3336 0.489209 0.686451
3337 0.489362 0.686545
3338 0.489515 0.686639
3339 0.489368 0.686433
3340 0.489222 0.686527
3341 0.489374 0.686321
3342 0.489228 0.686415
3343 0.489381 0.686210
3344 0.489533 0.686304
3345 0.489686 0.686398
3346 0.489540 0.686491
3347 0.489692 0.686286
3348 0.489546 0.686081
3349 0.489698 0.686175
3350 0.489552 0.686269
3351 0.489705 0.686362
3352 0.489857 0.686456
3353 0.490009 0.686251
3354 0.490161 0.686345
3355 0.490313 0.686438
3356 0.490465 0.686532
3357 0.490617 0.686625
3358 0.490471 0.686420
3359 0.490325 0.686216
3360 0.490476 0.686012
3361 0.490330 0.686105
3362 0.490184 0.686199
3363 0.490336 0.686292
3364 0.490190 0.686088
3365 0.490045 0.686181
3366 0.490196 0.685977
3367 0.490050 0.686071
3368 0.489905 0.686164
3369 0.489760 0.686257
3370 0.489614 0.686053
3371 0.489766 0.686147
3372 0.489917 0.685943
3373 0.490068 0.685740
3374 0.490219 0.685536
3375 0.490370 0.685333
3376 0.490225 0.685130
3377 0.490376 0.684927
3378 0.490231 0.685021
3379 0.490086 0.685114
3380 0.490237 0.685207
3381 0.490092 0.685300
3382 0.489947 0.685393
3383 0.490098 0.685486
3384 0.490248 0.685579
3385 0.490399 0.685672
3386 0.490549 0.685470
3387 0.490404 0.685562
3388 0.490555 0.685360
3389 0.490410 0.685453
3390 0.490560 0.685546
3391 0.490711 0.685344
3392 0.490566 0.685142
3393 0.490716 0.684940
3394 0.490866 0.685032
3395 0.490722 0.684831
3396 0.490872 0.684923
3397 0.490727 0.684722
3398 0.490583 0.684815
3399 0.490733 0.684907
3400 0.490882 0.685000
3401 0.490738 0.684799
3402 0.490594 0.684891
3403 0.490450 0.684690
3404 0.490306 0.684783
3405 0.490455 0.684875
3406 0.490311 0.684674
3407 0.490167 0.684767
3408 0.490023 0.684859
3409 0.490173 0.684658
3410 0.490029 0.684751
3411 0.489886 0.684550
3412 0.490035 0.684642
3413 0.490185 0.684442
3414 0.490041 0.684241
3415 0.490190 0.684334
3416 0.490047 0.684133
3417 0.490196 0.683933
3418 0.490345 0.684026
3419 0.490494 0.684118
3420 0.490351 0.684211
3421 0.490208 0.684303
3422 0.490064 0.684395
3423 0.490213 0.684195
3424 0.490362 0.684287
3425 0.490511 0.684380
3426 0.490368 0.684472
3427 0.490516 0.684564
3428 0.490373 0.684656
3429 0.490522 0.684456
3430 0.490379 0.684257
3431 0.490528 0.684057
3432 0.490385 0.683858
3433 0.490242 0.683950
3434 0.490099 0.684042
3435 0.490247 0.684134
3436 0.490105 0.683935
3437 0.490253 0.683736
3438 0.490401 0.683828
3439 0.490550 0.683920
3440 0.490407 0.684012
3441 0.490264 0.684103
3442 0.490122 0.684195
3443 0.490270 0.684287
3444 0.490128 0.684379
3445 0.490276 0.684180
3446 0.490133 0.683981
3447 0.489991 0.684073
3448 0.489849 0.684165
3449 0.489707 0.684256
3450 0.489565 0.684348
3451 0.489423 0.684439
3452 0.489282 0.684531
3453 0.489429 0.684622
3454 0.489577 0.684713
3455 0.489436 0.684805
3456 0.489294 0.684896
3457 0.489442 0.684698
3458 0.489589 0.684500
3459 0.489737 0.684591
3460 0.489884 0.684682
3461 0.489743 0.684484
3462 0.489890 0.684575
3463 0.490038 0.684666
3464 0.490185 0.684469
3465 0.490332 0.684560
3466 0.490479 0.684651
3467 0.490626 0.684742
3468 0.490484 0.684833
3469 0.490631 0.684924
3470 0.490778 0.685014
3471 0.490637 0.685105
3472 0.490495 0.684908
3473 0.490354 0.684999
3474 0.490213 0.685089
3475 0.490072 0.684892
3476 0.490219 0.684983
3477 0.490078 0.685073
3478 0.489937 0.685164
3479 0.489796 0.684967
3480 0.489655 0.685057
3481 0.489802 0.685148
3482 0.489948 0.685238
3483 0.490095 0.685042
3484 0.490241 0.684845
3485 0.490100 0.684935
3486 0.489960 0.685026
3487 0.490106 0.685116
3488 0.490252 0.684920
3489 0.490112 0.684723
3490 0.490258 0.684814
3491 0.490117 0.684904
3492 0.489977 0.684708
3493 0.489837 0.684512
3494 0.489697 0.684602
3495 0.489557 0.684692
3496 0.489703 0.684783
3497 0.489848 0.684873
3498 0.489994 0.684963
3499 0.490140 0.684767
3500 0.490286 0.684857
3501 0.490146 0.684662
3502 0.490291 0.684752
3503 0.490151 0.684842
3504 0.490011 0.684646
3505 0.490157 0.684736
3506 0.490017 0.684541
3507 0.489877 0.684631
3508 0.490023 0.684721
3509 0.490168 0.684810
3510 0.490313 0.684900
3511 0.490174 0.684705
3512 0.490034 0.684510
3513 0.489895 0.684600
3514 0.489755 0.684405
3515 0.489900 0.684495
3516 0.489761 0.684585
3517 0.489622 0.684674
3518 0.489483 0.684764
3519 0.489628 0.684854
3520 0.489489 0.684943
3521 0.489350 0.684749
3522 0.489495 0.684838
3523 0.489356 0.684928
3524 0.489501 0.685017
3525 0.489645 0.685106
3526 0.489790 0.685196
3527 0.489651 0.685285
3528 0.489796 0.685091
3529 0.489657 0.685180
3530 0.489518 0.685269
3531 0.489380 0.685358
3532 0.489524 0.685447
3533 0.489669 0.685253
3534 0.489813 0.685342
3535 0.489675 0.685431
3536 0.489819 0.685520
3537 0.489963 0.685609
3538 0.490107 0.685415
3539 0.490251 0.685504
3540 0.490113 0.685593
3541 0.489975 0.685400
3542 0.489836 0.685488
3543 0.489698 0.685577
3544 0.489560 0.685666
3545 0.489704 0.685472
3546 0.489848 0.685561
3547 0.489710 0.685650
3548 0.489572 0.685738
3549 0.489715 0.685827
3550 0.489859 0.685915
3551 0.489721 0.685722
3552 0.489865 0.685811
3553 0.490008 0.685618
3554 0.490152 0.685706
3555 0.490014 0.685795
3556 0.489876 0.685883
3557 0.490020 0.685690
3558 0.489882 0.685779
3559 0.490025 0.685867
3560 0.490169 0.685955
3561 0.490031 0.685762
3562 0.489893 0.685851
3563 0.489756 0.685939
3564 0.489899 0.685746
3565 0.489762 0.685835
3566 0.489905 0.685923
3567 0.490048 0.685730
3568 0.489910 0.685818
3569 0.490053 0.685626
3570 0.490196 0.685714
3571 0.490339 0.685802
3572 0.490202 0.685890
3573 0.490344 0.685978
3574 0.490487 0.686066
3575 0.490350 0.686154
3576 0.490213 0.685962
3577 0.490355 0.686050
3578 0.490497 0.686138
3579 0.490640 0.686225
3580 0.490782 0.686313
3581 0.490924 0.686400
3582 0.490787 0.686209
3583 0.490650 0.686296
3584 0.490792 0.686384
3585 0.490934 0.686471
3586 0.491076 0.686559
3587 0.491218 0.686646
3588 0.491081 0.686734
3589 0.491223 0.686821
3590 0.491365 0.686630
3591 0.491228 0.686438
3592 0.491370 0.686526
3593 0.491233 0.686613
3594 0.491096 0.686700
3595 0.491238 0.686509
3596 0.491101 0.686596
3597 0.491243 0.686683
3598 0.491384 0.686770
3599 0.491248 0.686857
3600 0.491389 0.686944
3601 0.491252 0.687031
3602 0.491394 0.687118
3603 0.491257 0.687205
3604 0.491121 0.687292
3605 0.491262 0.687379
3606 0.491403 0.687465
3607 0.491544 0.687275
3608 0.491408 0.687084
3609 0.491549 0.687171
3610 0.491413 0.687258
3611 0.491554 0.687344
3612 0.491694 0.687431
3613 0.491835 0.687517
3614 0.491976 0.687604
3615 0.492116 0.687690
3616 0.491980 0.687777
3617 0.492121 0.687863
3618 0.491985 0.687673
3619 0.492125 0.687759
3620 0.492265 0.687569
3621 0.492129 0.687655
3622 0.491993 0.687742
3623 0.492134 0.687828
3624 0.491998 0.687914
3625 0.492138 0.688000
3626 0.492278 0.688086
3627 0.492418 0.688172
3628 0.492282 0.688258
3629 0.492422 0.688344
3630 0.492562 0.688430
3631 0.492426 0.688240
3632 0.492291 0.688326
3633 0.492430 0.688412
3634 0.492570 0.688498
3635 0.492710 0.688308
3636 0.492849 0.688394
3637 0.492989 0.688480
3638 0.492853 0.688565
3639 0.492718 0.688651
3640 0.492582 0.688462
3641 0.492722 0.688272
3642 0.492861 0.688358
3643 0.492726 0.688444
3644 0.492865 0.688529
3645 0.493004 0.688340
3646 0.492869 0.688426
3647 0.492734 0.688511
3648 0.492873 0.688596
3649 0.492738 0.688682
3650 0.492877 0.688767
3651 0.492742 0.688852
3652 0.492881 0.688938
3653 0.492746 0.689023
3654 0.492885 0.689108
3655 0.492750 0.689193
3656 0.492888 0.689278
3657 0.493027 0.689363
3658 0.493166 0.689174
3659 0.493304 0.688986
3660 0.493443 0.689071
3661 0.493581 0.688883
3662 0.493719 0.688968
3663 0.493584 0.689053
3664 0.493450 0.689138
3665 0.493315 0.689222
3666 0.493453 0.689307
3667 0.493591 0.689392
3668 0.493730 0.689477
3669 0.493595 0.689561
3670 0.493460 0.689646
3671 0.493598 0.689730
3672 0.493736 0.689815
3673 0.493874 0.689899
3674 0.494012 0.689984
3675 0.493878 0.690068
3676 0.493743 0.690152
3677 0.493881 0.689965
3678 0.493747 0.689777
3679 0.493612 0.689861
3680 0.493750 0.689946
3681 0.493616 0.690030
3682 0.493482 0.689842
3683 0.493619 0.689655
3684 0.493757 0.689468
3685 0.493894 0.689281
3686 0.494031 0.689365
3687 0.494169 0.689178
3688 0.494306 0.689262
3689 0.494443 0.689347
3690 0.494309 0.689431
3691 0.494175 0.689515
3692 0.494312 0.689599
3693 0.494449 0.689683
3694 0.494586 0.689496
3695 0.494452 0.689581
3696 0.494318 0.689665
3697 0.494455 0.689748
3698 0.494592 0.689562
3699 0.494728 0.689376
3700 0.494595 0.689189
3701 0.494461 0.689273
3702 0.494327 0.689357
3703 0.494194 0.689441
3704 0.494330 0.689255
3705 0.494467 0.689069
3706 0.494334 0.688883
3707 0.494200 0.688697
3708 0.494067 0.688511
3709 0.494203 0.688595
3710 0.494070 0.688679
3711 0.494206 0.688494
3712 0.494073 0.688578
3713 0.494210 0.688661
3714 0.494346 0.688745
3715 0.494482 0.688560
3716 0.494349 0.688644
3717 0.494216 0.688727
3718 0.494083 0.688811
3719 0.493950 0.688895
3720 0.494086 0.688978
3721 0.493953 0.689062
3722 0.494089 0.689146
3723 0.493956 0.689229
3724 0.494092 0.689313
3725 0.494228 0.689128
3726 0.494096 0.689211
3727 0.493963 0.689294
3728 0.494099 0.689378
3729 0.494234 0.689461
3730 0.494370 0.689544
3731 0.494505 0.689359
3732 0.494641 0.689443
3733 0.494776 0.689258
3734 0.494912 0.689341
3735 0.494779 0.689157
3736 0.494647 0.689240
3737 0.494782 0.689323
3738 0.494650 0.689139
3739 0.494785 0.688954
3740 0.494920 0.689037
3741 0.495055 0.689121
3742 0.495190 0.689204
3743 0.495057 0.689020
3744 0.494925 0.688835
3745 0.494793 0.688919
3746 0.494928 0.689002
3747 0.494796 0.689085
3748 0.494664 0.689168
3749 0.494799 0.689250
3750 0.494933 0.689333
3751 0.495068 0.689416
3752 0.494936 0.689499
3753 0.494804 0.689315
3754 0.494939 0.689132
3755 0.495073 0.689214
3756 0.494941 0.689297
3757 0.494810 0.689380
3758 0.494944 0.689196
3759 0.495078 0.689279
3760 0.494947 0.689362
3761 0.494815 0.689444
3762 0.494949 0.689261
3763 0.495084 0.689344
3764 0.494952 0.689160
3765 0.495086 0.689243
3766 0.495220 0.689060
3767 0.495089 0.688877
3768 0.495223 0.688960
3769 0.495357 0.688777
3770 0.495225 0.688594
3771 0.495359 0.688412
3772 0.495228 0.688494
3773 0.495362 0.688312
3774 0.495495 0.688394
3775 0.495629 0.688477
3776 0.495498 0.688559
3777 0.495367 0.688377
3778 0.495500 0.688460
3779 0.495369 0.688542
3780 0.495238 0.688360
3781 0.495372 0.688442
3782 0.495505 0.688525
3783 0.495638 0.688607
3784 0.495772 0.688689
3785 0.495905 0.688771
3786 0.495774 0.688854
3787 0.495643 0.688672
3788 0.495512 0.688754
3789 0.495645 0.688572
3790 0.495515 0.688654
3791 0.495384 0.688473
3792 0.495253 0.688555
3793 0.495386 0.688637
3794 0.495256 0.688719
3795 0.495125 0.688538
3796 0.494995 0.688356
3797 0.495128 0.688438
3798 0.494997 0.688520
3799 0.494867 0.688339
3800 0.495000 0.688421
3801 0.495133 0.688503
3802 0.495266 0.688585
3803 0.495135 0.688667
3804 0.495005 0.688486
3805 0.494875 0.688568
3806 0.494745 0.688650
3807 0.494615 0.688469
3808 0.494485 0.688550
3809 0.494618 0.688632
3810 0.494751 0.688714
3811 0.494621 0.688796
3812 0.494491 0.688615
3813 0.494624 0.688697
3814 0.494494 0.688778
3815 0.494364 0.688860
3816 0.494235 0.688679
3817 0.494367 0.688761
3818 0.494500 0.688842
3819 0.494370 0.688924
3820 0.494241 0.688743
3821 0.494111 0.688825
3822 0.494244 0.688906
3823 0.494376 0.688726
3824 0.494247 0.688808
3825 0.494379 0.688627
3826 0.494250 0.688447
3827 0.494121 0.688268
3828 0.493992 0.688349
3829 0.493863 0.688430
3830 0.493995 0.688251
3831 0.493866 0.688071
3832 0.493737 0.687891
3833 0.493608 0.687712
3834 0.493740 0.687793
3835 0.493872 0.687875
3836 0.494004 0.687696
3837 0.493875 0.687777
3838 0.493747 0.687858
3839 0.493879 0.687940
3840 0.494010 0.687760
3841 0.493882 0.687842
3842 0.494014 0.687663
3843 0.494145 0.687744
3844 0.494017 0.687825
3845 0.493888 0.687906
3846 0.493760 0.687728
3847 0.493891 0.687549
3848 0.494023 0.687370
3849 0.494154 0.687451
3850 0.494026 0.687532
3851 0.494157 0.687614
3852 0.494289 0.687435
3853 0.494420 0.687516
3854 0.494551 0.687338
3855 0.494423 0.687419
3856 0.494295 0.687241
3857 0.494166 0.687062
3858 0.494038 0.687144
3859 0.493910 0.687225
3860 0.494041 0.687047
3861 0.493913 0.686869
3862 0.494045 0.686950
3863 0.493917 0.687031
3864 0.494048 0.687112
3865 0.494179 0.687193
3866 0.494051 0.687274
3867 0.493923 0.687096
3868 0.494054 0.687177
3869 0.493926 0.687258
3870 0.493798 0.687339
3871 0.493671 0.687419
3872 0.493543 0.687242
3873 0.493674 0.687064
3874 0.493547 0.687145
3875 0.493677 0.686968
3876 0.493808 0.687049
3877 0.493939 0.687129
3878 0.493811 0.687210
3879 0.493942 0.687033
3880 0.494072 0.687113
3881 0.493945 0.687194
3882 0.494075 0.687017
3883 0.493948 0.687098
3884 0.494078 0.687178
3885 0.493951 0.687001
3886 0.494081 0.687082
3887 0.493954 0.687162
3888 0.494084 0.687243
3889 0.493957 0.687323
3890 0.493830 0.687404
3891 0.493703 0.687484
3892 0.493577 0.687307
3893 0.493450 0.687388
3894 0.493323 0.687468
3895 0.493196 0.687548
3896 0.493326 0.687628
3897 0.493200 0.687708
3898 0.493073 0.687532
3899 0.493203 0.687612
3900 0.493333 0.687692
3901 0.493463 0.687772
3902 0.493593 0.687852
3903 0.493723 0.687676
3904 0.493596 0.687500
3905 0.493470 0.687324
3906 0.493600 0.687404
3907 0.493473 0.687484
3908 0.493347 0.687564
3909 0.493477 0.687644
3910 0.493350 0.687468
3911 0.493224 0.687548
3912 0.493354 0.687628
3913 0.493228 0.687452
3914 0.493357 0.687532
3915 0.493487 0.687612
3916 0.493361 0.687692
3917 0.493490 0.687771
3918 0.493619 0.687851
3919 0.493493 0.687931
3920 0.493622 0.688010
3921 0.493497 0.687835
3922 0.493371 0.687914
3923 0.493245 0.687994
3924 0.493119 0.687819
3925 0.492994 0.687898
3926 0.492868 0.687978
3927 0.492743 0.688057
3928 0.492617 0.688136
3929 0.492746 0.688216
3930 0.492621 0.688295
3931 0.492496 0.688374
3932 0.492370 0.688454
3933 0.492499 0.688279
3934 0.492628 0.688358
3935 0.492757 0.688437
3936 0.492632 0.688516
3937 0.492507 0.688341
3938 0.492382 0.688167
3939 0.492511 0.688246
3940 0.492386 0.688325
3941 0.492515 0.688404
3942 0.492390 0.688229
3943 0.492265 0.688308
3944 0.492394 0.688387
3945 0.492269 0.688466
3946 0.492397 0.688545
3947 0.492273 0.688624
3948 0.492401 0.688450
3949 0.492277 0.688529
3950 0.492405 0.688608
3951 0.492280 0.688433
3952 0.492156 0.688512
3953 0.492031 0.688338
3954 0.491907 0.688417
3955 0.491783 0.688243
3956 0.491658 0.688069
3957 0.491534 0.688148
3958 0.491410 0.687974
3959 0.491538 0.688053
3960 0.491414 0.687879
3961 0.491543 0.687958
3962 0.491671 0.688036
3963 0.491799 0.687863
3964 0.491675 0.687941
3965 0.491551 0.688020
3966 0.491679 0.688099
3967 0.491555 0.687925
3968 0.491683 0.688004
3969 0.491560 0.688083
3970 0.491688 0.688161
3971 0.491816 0.688240
3972 0.491944 0.688318
3973 0.492071 0.688397
3974 0.491948 0.688475
3975 0.492075 0.688553
3976 0.492203 0.688632
3977 0.492079 0.688710
3978 0.491956 0.688788
3979 0.492083 0.688867
3980 0.491960 0.688945
3981 0.492087 0.689023
3982 0.491964 0.689101
3983 0.491840 0.689179
3984 0.491968 0.689257
3985 0.491844 0.689335
3986 0.491721 0.689162
3987 0.491598 0.688989
3988 0.491474 0.689067
3989 0.491351 0.689145
3990 0.491479 0.688972
3991 0.491606 0.688800
3992 0.491733 0.688878
3993 0.491861 0.688956
3994 0.491738 0.688783
3995 0.491615 0.688861
3996 0.491742 0.688939
3997 0.491619 0.688767
3998 0.491746 0.688844
3999 0.491623 0.688922
4000 0.491500 0.688750
4001 0.491377 0.688828
4002 0.491504 0.688906
4003 0.491381 0.688983
4004 0.491508 0.688811
4005 0.491635 0.688889
4006 0.491513 0.688967
4007 0.491390 0.689044
4008 0.491267 0.689122
4009 0.491145 0.689199
4010 0.491022 0.689277
4011 0.490900 0.689354
4012 0.491027 0.689182
4013 0.491154 0.689260
4014 0.491031 0.689337
4015 0.491158 0.689415
4016 0.491285 0.689492
4017 0.491163 0.689320
4018 0.491040 0.689149
4019 0.490918 0.688977
4020 0.490796 0.689055
4021 0.490674 0.689132
4022 0.490801 0.689209
4023 0.490679 0.689287
4024 0.490557 0.689115
4025 0.490683 0.689193
4026 0.490810 0.689021
4027 0.490688 0.689099
4028 0.490566 0.689176
4029 0.490444 0.689005
4030 0.490571 0.689082
4031 0.490449 0.688911
4032 0.490575 0.688988
4033 0.490454 0.688817
4034 0.490580 0.688647
4035 0.490458 0.688476
4036 0.490337 0.688553
4037 0.490216 0.688382
4038 0.490094 0.688212
4039 0.489973 0.688042
4040 0.490099 0.687871
4041 0.489978 0.687949
4042 0.490104 0.688026
4043 0.490230 0.688103
4044 0.490109 0.688180
4045 0.490235 0.688010
4046 0.490114 0.688087
4047 0.489993 0.687917
4048 0.489872 0.687994
4049 0.489751 0.688071
4050 0.489877 0.688148
4051 0.490002 0.687978
4052 0.490128 0.688055
4053 0.490007 0.688132
4054 0.490133 0.688209
4055 0.490259 0.688286
4056 0.490138 0.688116
4057 0.490264 0.687947
4058 0.490143 0.687777
4059 0.490022 0.687854
4060 0.489901 0.687931
4061 0.490027 0.688008
4062 0.490153 0.688085
4063 0.490278 0.688161
4064 0.490157 0.688238
4065 0.490037 0.688069
4066 0.490162 0.688146
4067 0.490042 0.688222
4068 0.490167 0.688299
4069 0.490292 0.688130
4070 0.490418 0.688206
4071 0.490297 0.688283
4072 0.490177 0.688360
4073 0.490056 0.688191
4074 0.490182 0.688267
4075 0.490307 0.688344
4076 0.490432 0.688420
4077 0.490557 0.688496
4078 0.490682 0.688573
4079 0.490807 0.688649
4080 0.490686 0.688725
4081 0.490566 0.688802
4082 0.490691 0.688878
4083 0.490816 0.688954
4084 0.490695 0.689030
4085 0.490820 0.689106
4086 0.490945 0.688938
4087 0.491069 0.688769
4088 0.491194 0.688845
4089 0.491074 0.688677
4090 0.490954 0.688753
4091 0.490834 0.688829
4092 0.490958 0.688661
4093 0.491082 0.688737
4094 0.491207 0.688813
4095 0.491331 0.688889
4096 0.491211 0.688721
4097 0.491091 0.688797
4098 0.491215 0.688873
4099 0.491339 0.688949
4100 0.491463 0.689024
4101 0.491344 0.689100
4102 0.491468 0.688932
4103 0.491348 0.689008
4104 0.491472 0.689084
4105 0.491352 0.689160
4106 0.491476 0.688992
4107 0.491356 0.689067
4108 0.491237 0.689143
4109 0.491117 0.689219
4110 0.491241 0.689051
4111 0.491121 0.689127
4112 0.491002 0.689202
4113 0.491126 0.689278
4114 0.491249 0.689353
4115 0.491373 0.689186
4116 0.491497 0.689018
4117 0.491620 0.688851
4118 0.491744 0.688927
4119 0.491624 0.688759
4120 0.491505 0.688835
4121 0.491628 0.688910
4122 0.491752 0.688986
4123 0.491632 0.689061
4124 0.491756 0.689137
4125 0.491879 0.688970
4126 0.492002 0.688803
4127 0.492125 0.688636
4128 0.492248 0.688711
4129 0.492129 0.688544
4130 0.492010 0.688620
4131 0.492133 0.688695
4132 0.492014 0.688771
4133 0.492136 0.688846
4134 0.492259 0.688921
4135 0.492140 0.688755
4136 0.492263 0.688830
4137 0.492386 0.688905
4138 0.492267 0.688739
4139 0.492148 0.688814
4140 0.492029 0.688889
4141 0.491910 0.688964
4142 0.491791 0.689039
4143 0.491673 0.689114
4144 0.491795 0.688948
4145 0.491918 0.689023
4146 0.492041 0.689098
4147 0.492163 0.688932
4148 0.492044 0.689007
4149 0.491926 0.688841
4150 0.491807 0.688916
4151 0.491689 0.688750
4152 0.491570 0.688584
4153 0.491452 0.688418
4154 0.491334 0.688252
4155 0.491456 0.688327
4156 0.491578 0.688162
4157 0.491460 0.687996
4158 0.491342 0.688071
4159 0.491224 0.687906
4160 0.491106 0.687981
4161 0.491228 0.688056
4162 0.491350 0.688131
4163 0.491232 0.688206
4164 0.491354 0.688280
4165 0.491477 0.688115
4166 0.491359 0.688190
4167 0.491481 0.688265
4168 0.491603 0.688340
4169 0.491725 0.688414
4170 0.491607 0.688489
4171 0.491489 0.688564
4172 0.491611 0.688399
4173 0.491733 0.688474
4174 0.491854 0.688548
4175 0.491976 0.688623
4176 0.492098 0.688697
4177 0.492219 0.688532
4178 0.492341 0.688607
4179 0.492462 0.688682
4180 0.492344 0.688756
4181 0.492466 0.688591
4182 0.492587 0.688666
4183 0.492470 0.688740
4184 0.492591 0.688576
4185 0.492712 0.688650
4186 0.492594 0.688724
4187 0.492716 0.688560
4188 0.492598 0.688634
4189 0.492480 0.688709
4190 0.492363 0.688783
4191 0.492245 0.688857
4192 0.492128 0.688931
4193 0.492249 0.689005
4194 0.492132 0.689080
4195 0.492253 0.689154
4196 0.492135 0.689228
4197 0.492018 0.689064
4198 0.491901 0.688899
4199 0.492022 0.688735
4200 0.492143 0.688810
4201 0.492264 0.688884
4202 0.492385 0.688958
4203 0.492505 0.689032
4204 0.492388 0.689106
4205 0.492271 0.689180
4206 0.492392 0.689016
4207 0.492275 0.689090
4208 0.492395 0.688926
4209 0.492278 0.689000
4210 0.492399 0.689074
4211 0.492520 0.689147
4212 0.492640 0.689221
4213 0.492761 0.689295
4214 0.492644 0.689369
4215 0.492764 0.689442
4216 0.492884 0.689516
4217 0.493005 0.689353
4218 0.493125 0.689189
4219 0.493245 0.689263
4220 0.493128 0.689100
4221 0.493248 0.688936
4222 0.493368 0.688773
4223 0.493488 0.688610
4224 0.493608 0.688447
4225 0.493491 0.688284
4226 0.493611 0.688121
4227 0.493731 0.687958
4228 0.493851 0.687796
4229 0.493970 0.687869
4230 0.494090 0.687943
4231 0.494209 0.688017
4232 0.494329 0.687854
4233 0.494448 0.687692
4234 0.494332 0.687766
4235 0.494451 0.687839
4236 0.494570 0.687913
4237 0.494454 0.687987
4238 0.494337 0.688060
4239 0.494220 0.688134
4240 0.494340 0.688208
4241 0.494223 0.688045
4242 0.494342 0.687883
4243 0.494461 0.687957
4244 0.494345 0.687795
4245 0.494229 0.687868
4246 0.494348 0.687942
4247 0.494467 0.688015
4248 0.494350 0.687853
4249 0.494469 0.687927
4250 0.494588 0.688000
4251 0.494472 0.688073
4252 0.494356 0.688147
4253 0.494239 0.688220
4254 0.494123 0.688058
4255 0.494242 0.688132
4256 0.494361 0.688205
4257 0.494480 0.688278
4258 0.494598 0.688351
4259 0.494482 0.688190
4260 0.494601 0.688263
4261 0.494720 0.688336
4262 0.494838 0.688409
4263 0.494722 0.688482
4264 0.494606 0.688321
4265 0.494725 0.688394
4266 0.494609 0.688467
4267 0.494727 0.688540
4268 0.494611 0.688379
4269 0.494729 0.688217
4270 0.494614 0.688290
4271 0.494732 0.688129
4272 0.494850 0.688202
4273 0.494968 0.688041
4274 0.495087 0.688114
4275 0.495205 0.687953
4276 0.495089 0.688026
4277 0.495207 0.688099
4278 0.495325 0.688172
4279 0.495209 0.688245
4280 0.495327 0.688318
4281 0.495445 0.688391
4282 0.495563 0.688230
4283 0.495447 0.688303
4284 0.495331 0.688375
4285 0.495449 0.688215
4286 0.495334 0.688287
4287 0.495451 0.688360
4288 0.495336 0.688433
4289 0.495453 0.688272
4290 0.495571 0.688112
4291 0.495456 0.687952
4292 0.495573 0.688024
4293 0.495458 0.688097
4294 0.495575 0.688170
4295 0.495460 0.688009
4296 0.495577 0.688082
4297 0.495695 0.687922
4298 0.495812 0.687994
4299 0.495929 0.688067
4300 0.496047 0.688140
4301 0.496164 0.687980
4302 0.496048 0.688052
4303 0.496165 0.688125
4304 0.496050 0.688197
4305 0.495935 0.688037
4306 0.495820 0.687877
4307 0.495705 0.687950
4308 0.495822 0.687790
4309 0.495707 0.687863
4310 0.495824 0.687935
4311 0.495941 0.688007
4312 0.496058 0.688080
4313 0.496174 0.688152
4314 0.496059 0.688224
4315 0.496176 0.688297
4316 0.496061 0.688369
4317 0.495946 0.688441
4318 0.496063 0.688513
4319 0.495948 0.688585
4320 0.496065 0.688657
4321 0.495950 0.688729
4322 0.496067 0.688801
4323 0.495952 0.688642
4324 0.495837 0.688483
4325 0.495723 0.688555
4326 0.495608 0.688627
4327 0.495725 0.688468
4328 0.495610 0.688540
4329 0.495726 0.688381
4330 0.495612 0.688453
4331 0.495728 0.688525
4332 0.495614 0.688366
4333 0.495730 0.688438
4334 0.495847 0.688509
4335 0.495963 0.688581
4336 0.496079 0.688653
4337 0.495965 0.688725
4338 0.495851 0.688797
4339 0.495736 0.688868
4340 0.495853 0.688940
4341 0.495969 0.689012
4342 0.496085 0.688853
4343 0.496201 0.688925
4344 0.496087 0.688996
4345 0.495972 0.689068
4346 0.495858 0.689139
4347 0.495744 0.688981
4348 0.495860 0.689052
4349 0.495976 0.689124
4350 0.495862 0.689195
4351 0.495748 0.689037
4352 0.495864 0.688879
4353 0.495750 0.688950
4354 0.495866 0.689022
4355 0.495982 0.689093
4356 0.495868 0.689164
4357 0.495754 0.689236
4358 0.495870 0.689307
4359 0.495985 0.689378
4360 0.496101 0.689450
4361 0.496216 0.689291
4362 0.496332 0.689133
4363 0.496218 0.689205
4364 0.496334 0.689276
4365 0.496220 0.689347
4366 0.496335 0.689418
4367 0.496222 0.689260
4368 0.496337 0.689103
4369 0.496452 0.688945
4370 0.496339 0.689016
4371 0.496225 0.688858
4372 0.496340 0.688930
4373 0.496227 0.689001
4374 0.496342 0.688843
4375 0.496229 0.688914
4376 0.496344 0.688757
4377 0.496459 0.688828
4378 0.496574 0.688671
4379 0.496460 0.688742
4380 0.496347 0.688813
4381 0.496234 0.688884
4382 0.496349 0.688955
4383 0.496235 0.689026
4384 0.496350 0.688869
4385 0.496237 0.688712
4386 0.496124 0.688554
4387 0.496239 0.688625
4388 0.496354 0.688696
4389 0.496468 0.688540
4390 0.496355 0.688383
4391 0.496470 0.688454
4392 0.496585 0.688525
4393 0.496472 0.688595
4394 0.496359 0.688666
4395 0.496473 0.688737
4396 0.496588 0.688808
4397 0.496475 0.688879
4398 0.496362 0.688722
4399 0.496249 0.688793
4400 0.496364 0.688864
4401 0.496478 0.688934
4402 0.496365 0.689005
4403 0.496253 0.688849
4404 0.496140 0.688919
4405 0.496254 0.688763
4406 0.496369 0.688833
4407 0.496483 0.688904
4408 0.496370 0.688975
4409 0.496258 0.689045
4410 0.496145 0.689116
4411 0.496259 0.689186
4412 0.496374 0.689257
4413 0.496488 0.689327
4414 0.496375 0.689397
4415 0.496263 0.689468
4416 0.496377 0.689538
4417 0.496491 0.689608
4418 0.496605 0.689452
4419 0.496492 0.689296
4420 0.496606 0.689367
4421 0.496720 0.689437
4422 0.496834 0.689281
4423 0.496722 0.689351
4424 0.496835 0.689195
4425 0.496723 0.689266
4426 0.496837 0.689336
4427 0.496951 0.689406
4428 0.496838 0.689476
4429 0.496952 0.689546
4430 0.497065 0.689616
4431 0.497179 0.689686
4432 0.497067 0.689756
4433 0.497180 0.689826
4434 0.497068 0.689671
4435 0.496956 0.689741
4436 0.496844 0.689811
4437 0.496732 0.689881
4438 0.496845 0.689950
4439 0.496733 0.689795
4440 0.496847 0.689640
4441 0.496960 0.689484
4442 0.497073 0.689554
4443 0.497187 0.689624
4444 0.497075 0.689694
4445 0.497188 0.689539
4446 0.497301 0.689384
4447 0.497189 0.689454
4448 0.497302 0.689299
4449 0.497415 0.689368
4450 0.497303 0.689438
4451 0.497416 0.689283
4452 0.497529 0.689353
4453 0.497417 0.689198
4454 0.497530 0.689268
4455 0.497643 0.689338
4456 0.497756 0.689183
4457 0.497644 0.689253
4458 0.497533 0.689098
4459 0.497421 0.689168
4460 0.497534 0.689238
4461 0.497422 0.689307
4462 0.497535 0.689377
4463 0.497423 0.689447
4464 0.497536 0.689516
4465 0.497648 0.689586
4466 0.497537 0.689655
4467 0.497426 0.689725
4468 0.497538 0.689794
4469 0.497427 0.689864
4470 0.497539 0.689933
4471 0.497652 0.690002
4472 0.497540 0.690072
4473 0.497653 0.690141
4474 0.497541 0.690210
4475 0.497430 0.690056
4476 0.497319 0.689902
4477 0.497208 0.689748
4478 0.497097 0.689594
4479 0.496986 0.689663
4480 0.496875 0.689732
4481 0.496987 0.689801
4482 0.497100 0.689647
4483 0.497212 0.689717
4484 0.497101 0.689786
4485 0.497213 0.689855
4486 0.497102 0.689924
4487 0.496991 0.689770
4488 0.497103 0.689840
4489 0.496993 0.689686
4490 0.497105 0.689532
4491 0.496994 0.689379
4492 0.497106 0.689448
4493 0.496995 0.689294
4494 0.496885 0.689141
4495 0.496774 0.689210
4496 0.496664 0.689279
4497 0.496776 0.689126
4498 0.496665 0.688973
4499 0.496555 0.689042
4500 0.496444 0.688889
4501 0.496556 0.688958
4502 0.496446 0.689027
4503 0.496558 0.689096
4504 0.496670 0.688943
4505 0.496781 0.689012
4506 0.496893 0.689081
4507 0.497005 0.689150
4508 0.496894 0.689219
4509 0.497006 0.689288
4510 0.497118 0.689357
4511 0.497007 0.689204
4512 0.496897 0.689273
4513 0.497009 0.689120
4514 0.497120 0.689189
4515 0.497010 0.689258
4516 0.496900 0.689327
4517 0.497011 0.689174
4518 0.497123 0.689022
4519 0.497234 0.689091
4520 0.497124 0.688938
4521 0.497014 0.689007
4522 0.497125 0.688854
4523 0.497236 0.688702
4524 0.497126 0.688550
4525 0.497238 0.688398
4526 0.497128 0.688246
4527 0.497239 0.688094
4528 0.497129 0.688163
4529 0.497240 0.688231
4530 0.497130 0.688300
4531 0.497021 0.688148
4532 0.497132 0.688217
4533 0.497242 0.688286
4534 0.497133 0.688134
4535 0.497244 0.688203
4536 0.497134 0.688272
4537 0.497245 0.688120
4538 0.497135 0.688189
4539 0.497246 0.688037
4540 0.497137 0.687885
4541 0.497247 0.687954
4542 0.497358 0.688023
4543 0.497249 0.687871
4544 0.497139 0.687940
4545 0.497250 0.687789
4546 0.497360 0.687857
4547 0.497251 0.687926
4548 0.497361 0.687775
4549 0.497252 0.687624
4550 0.497143 0.687473
4551 0.497253 0.687321
4552 0.497144 0.687390
4553 0.497035 0.687459
4554 0.496926 0.687527
4555 0.496817 0.687377
4556 0.496708 0.687445
4557 0.496818 0.687514
4558 0.496709 0.687582
4559 0.496819 0.687651
4560 0.496930 0.687719
4561 0.497040 0.687788
4562 0.497150 0.687637
4563 0.497261 0.687486
4564 0.497152 0.687336
4565 0.497262 0.687185
4566 0.497372 0.687254
4567 0.497482 0.687103
4568 0.497373 0.687172
4569 0.497483 0.687240
4570 0.497593 0.687309
4571 0.497703 0.687158
4572 0.497594 0.687227
4573 0.497485 0.687295
4574 0.497376 0.687363
4575 0.497486 0.687432
4576 0.497596 0.687281
4577 0.497487 0.687131
4578 0.497597 0.687200
4579 0.497489 0.687050
4580 0.497380 0.686900
4581 0.497271 0.686968
4582 0.497163 0.686818
4583 0.497054 0.686668
4584 0.496946 0.686736
4585 0.496838 0.686805
4586 0.496729 0.686873
4587 0.496621 0.686941
4588 0.496731 0.686792
4589 0.496840 0.686860
4590 0.496732 0.686710
4591 0.496842 0.686778
4592 0.496951 0.686629
4593 0.497061 0.686697
4594 0.497170 0.686765
4595 0.497280 0.686616
4596 0.497389 0.686466
4597 0.497281 0.686535
4598 0.497173 0.686385
4599 0.497282 0.686454
4600 0.497391 0.686304
4601 0.497283 0.686155
4602 0.497392 0.686223
4603 0.497502 0.686292
4604 0.497611 0.686142
4605 0.497503 0.686211
4606 0.497612 0.686279
4607 0.497721 0.686347
4608 0.497830 0.686415
4609 0.497939 0.686266
4610 0.498048 0.686117
4611 0.498157 0.686185
4612 0.498049 0.686253
4613 0.497941 0.686104
4614 0.497833 0.686173
4615 0.497941 0.686024
4616 0.498050 0.685875
4617 0.497942 0.685943
4618 0.497835 0.686011
4619 0.497943 0.686079
4620 0.497835 0.685931
4621 0.497728 0.685999
4622 0.497620 0.686067
4623 0.497512 0.686135
4624 0.497621 0.685986
4625 0.497514 0.686054
4626 0.497622 0.685906
4627 0.497731 0.685758
4628 0.497623 0.685825
4629 0.497516 0.685677
4630 0.497408 0.685745
4631 0.497517 0.685813
4632 0.497409 0.685881
4633 0.497518 0.685733
4634 0.497410 0.685801
4635 0.497519 0.685653
4636 0.497412 0.685505
4637 0.497520 0.685573
4638 0.497413 0.685640
4639 0.497521 0.685708
4640 0.497414 0.685560
4641 0.497522 0.685413
4642 0.497415 0.685265
4643 0.497523 0.685333
4644 0.497631 0.685401
4645 0.497524 0.685468
4646 0.497632 0.685536
4647 0.497740 0.685388
4648 0.497849 0.685241
4649 0.497957 0.685309
4650 0.498065 0.685161
4651 0.498172 0.685229
4652 0.498065 0.685297
4653 0.497958 0.685364
4654 0.497851 0.685217
4655 0.497744 0.685285
4656 0.497637 0.685137
4657 0.497531 0.684990
4658 0.497638 0.685058
4659 0.497532 0.684911
4660 0.497639 0.684979
4661 0.497533 0.685046
4662 0.497640 0.685114
4663 0.497748 0.685181
4664 0.497856 0.685249
4665 0.497749 0.685316
4666 0.497857 0.685169
4667 0.497750 0.685237
4668 0.497858 0.685304
4669 0.497751 0.685372
4670 0.497859 0.685439
4671 0.497966 0.685506
4672 0.498074 0.685360
4673 0.497967 0.685427
4674 0.498074 0.685494
4675 0.497968 0.685348
4676 0.497861 0.685415
4677 0.497755 0.685482
4678 0.497649 0.685549
4679 0.497542 0.685617
4680 0.497436 0.685684
4681 0.497543 0.685537
4682 0.497651 0.685604
4683 0.497758 0.685672
4684 0.497865 0.685739
4685 0.497759 0.685592
4686 0.497653 0.685659
4687 0.497760 0.685726
4688 0.497654 0.685794
4689 0.497547 0.685647
4690 0.497655 0.685714
4691 0.497548 0.685568
4692 0.497656 0.685635
4693 0.497550 0.685489
4694 0.497657 0.685556
4695 0.497764 0.685623
4696 0.497658 0.685690
4697 0.497765 0.685757
4698 0.497871 0.685824
4699 0.497765 0.685891
4700 0.497660 0.685957
4701 0.497554 0.686024
4702 0.497661 0.686091
4703 0.497767 0.685945
4704 0.497662 0.686012
4705 0.497556 0.686079
4706 0.497450 0.686145
4707 0.497557 0.686212
4708 0.497451 0.686279
4709 0.497346 0.686345
4710 0.497240 0.686412
4711 0.497134 0.686478
4712 0.497241 0.686545
4713 0.497348 0.686612
4714 0.497242 0.686466
4715 0.497137 0.686320
4716 0.497031 0.686387
4717 0.496926 0.686453
4718 0.496821 0.686520
4719 0.496715 0.686374
4720 0.496822 0.686441
4721 0.496929 0.686295
4722 0.497035 0.686150
4723 0.497142 0.686216
4724 0.497248 0.686283
4725 0.497143 0.686349
4726 0.497249 0.686416
4727 0.497144 0.686482
4728 0.497250 0.686548
4729 0.497357 0.686615
4730 0.497252 0.686681
4731 0.497146 0.686747
4732 0.497041 0.686813
4733 0.497148 0.686668
4734 0.497254 0.686523
4735 0.497149 0.686589
4736 0.497255 0.686655
4737 0.497361 0.686510
4738 0.497467 0.686577
4739 0.497573 0.686432
4740 0.497468 0.686287
4741 0.497363 0.686142
4742 0.497469 0.686208
4743 0.497575 0.686275
4744 0.497681 0.686341
4745 0.497787 0.686407
4746 0.497893 0.686473
4747 0.497788 0.686328
4748 0.497683 0.686394
4749 0.497578 0.686460
4750 0.497684 0.686316
4751 0.497579 0.686382
4752 0.497475 0.686448
4753 0.497580 0.686514
4754 0.497686 0.686580
4755 0.497792 0.686646
4756 0.497897 0.686501
4757 0.497793 0.686357
4758 0.497688 0.686423
4759 0.497584 0.686279
4760 0.497479 0.686345
4761 0.497585 0.686410
4762 0.497480 0.686476
4763 0.497586 0.686542
4764 0.497481 0.686608
4765 0.497377 0.686674
4766 0.497272 0.686530
4767 0.497378 0.686595
4768 0.497273 0.686661
4769 0.497169 0.686727
4770 0.497275 0.686792
4771 0.497170 0.686858
4772 0.497276 0.686924
4773 0.497172 0.686989
4774 0.497067 0.687055
4775 0.496963 0.687120
4776 0.496859 0.687186
4777 0.496965 0.687251
4778 0.497070 0.687317
4779 0.496966 0.687382
4780 0.497071 0.687448
4781 0.497176 0.687513
4782 0.497072 0.687578
4783 0.497178 0.687435
4784 0.497074 0.687291
4785 0.496970 0.687356
4786 0.497075 0.687422
4787 0.497180 0.687487
4788 0.497285 0.687552
4789 0.497181 0.687409
4790 0.497077 0.687474
4791 0.497182 0.687330
4792 0.497287 0.687396
4793 0.497392 0.687252
4794 0.497288 0.687109
4795 0.497393 0.686966
4796 0.497289 0.686822
4797 0.497186 0.686888
4798 0.497082 0.686744
4799 0.497187 0.686810
4800 0.497292 0.686667
4801 0.497188 0.686732
4802 0.497293 0.686589
4803 0.497189 0.686654
4804 0.497086 0.686511
4805 0.497190 0.686368
4806 0.497087 0.686434
4807 0.496984 0.686499
4808 0.496880 0.686564
4809 0.496985 0.686629
4810 0.496881 0.686694
4811 0.496778 0.686760
4812 0.496883 0.686825
4813 0.496780 0.686890
4814 0.496884 0.686955
4815 0.496989 0.687020
4816 0.497093 0.686877
4817 0.497197 0.686942
4818 0.497094 0.686800
4819 0.496991 0.686657
4820 0.496888 0.686722
4821 0.496785 0.686580
4822 0.496889 0.686645
4823 0.496786 0.686502
4824 0.496891 0.686360
4825 0.496995 0.686425
4826 0.497099 0.686490
4827 0.496996 0.686348
4828 0.496893 0.686205
4829 0.496997 0.686270
4830 0.497101 0.686128
4831 0.496999 0.686193
4832 0.496896 0.686051
4833 0.497000 0.686116
4834 0.497104 0.686181
4835 0.497001 0.686039
4836 0.497105 0.686104
4837 0.497002 0.686169
4838 0.497106 0.686027
4839 0.497004 0.686092
4840 0.496901 0.686157
4841 0.497005 0.686222
4842 0.497109 0.686080
4843 0.497006 0.685938
4844 0.497110 0.686003
4845 0.497214 0.686068
4846 0.497111 0.685927
4847 0.497215 0.685785
4848 0.497112 0.685644
4849 0.497010 0.685708
4850 0.496907 0.685567
4851 0.496805 0.685632
4852 0.496702 0.685697
4853 0.496806 0.685761
4854 0.496704 0.685620
4855 0.496601 0.685479
4856 0.496499 0.685544
4857 0.496397 0.685403
4858 0.496501 0.685467
4859 0.496604 0.685326
4860 0.496708 0.685185
4861 0.496811 0.685044
4862 0.496915 0.685109
4863 0.496813 0.684968
4864 0.496711 0.685033
4865 0.496814 0.685098
4866 0.496917 0.685162
4867 0.497021 0.685022
4868 0.497124 0.685086
4869 0.497227 0.685151
4870 0.497331 0.685216
4871 0.497228 0.685280
4872 0.497332 0.685140
4873 0.497435 0.685204
4874 0.497333 0.685269
4875 0.497231 0.685333
4876 0.497334 0.685398
4877 0.497232 0.685257
4878 0.497130 0.685322
4879 0.497233 0.685386
4880 0.497336 0.685451
4881 0.497234 0.685515
4882 0.497132 0.685580
4883 0.497031 0.685644
4884 0.496929 0.685708
4885 0.497032 0.685568
4886 0.496930 0.685632
4887 0.497033 0.685492
4888 0.496931 0.685352
4889 0.497034 0.685416
4890 0.496933 0.685481
4891 0.497035 0.685545
4892 0.496934 0.685405
4893 0.497037 0.685469
4894 0.497139 0.685533
4895 0.497242 0.685598
4896 0.497345 0.685662
4897 0.497447 0.685726
4898 0.497346 0.685586
4899 0.497448 0.685446
4900 0.497347 0.685510
4901 0.497245 0.685574
4902 0.497348 0.685639
4903 0.497247 0.685703
4904 0.497349 0.685767
4905 0.497248 0.685831
4906 0.497350 0.685691
4907 0.497249 0.685755
4908 0.497351 0.685615
4909 0.497250 0.685476
4910 0.497149 0.685336
4911 0.497047 0.685196
4912 0.496946 0.685261
4913 0.496845 0.685325
4914 0.496744 0.685389
4915 0.496846 0.685453
4916 0.496949 0.685313
4917 0.496848 0.685377
4918 0.496950 0.685238
4919 0.497052 0.685302
4920 0.496951 0.685163
4921 0.496850 0.685227
4922 0.496952 0.685291
4923 0.496852 0.685151
4924 0.496751 0.685215
4925 0.496853 0.685076
4926 0.496752 0.685140
4927 0.496651 0.685204
4928 0.496550 0.685065
4929 0.496450 0.685129
4930 0.496552 0.685193
4931 0.496451 0.685257
4932 0.496350 0.685320
4933 0.496250 0.685384
4934 0.496352 0.685448
4935 0.496454 0.685512
4936 0.496353 0.685575
4937 0.496253 0.685436
4938 0.496152 0.685500
4939 0.496052 0.685564
4940 0.496154 0.685628
4941 0.496053 0.685691
4942 0.495953 0.685755
4943 0.496055 0.685818
4944 0.495955 0.685882
4945 0.496057 0.685945
4946 0.495956 0.686009
4947 0.496058 0.686072
4948 0.496160 0.686136
4949 0.496262 0.686199
4950 0.496364 0.686263
4951 0.496465 0.686326
4952 0.496567 0.686389
4953 0.496669 0.686453
4954 0.496568 0.686516
4955 0.496468 0.686377
4956 0.496368 0.686239
4957 0.496470 0.686302
4958 0.496370 0.686365
4959 0.496269 0.686227
4960 0.496169 0.686089
4961 0.496069 0.686152
4962 0.495969 0.686215
4963 0.496071 0.686278
4964 0.495971 0.686140
4965 0.496073 0.686203
4966 0.496174 0.686267
4967 0.496275 0.686330
4968 0.496377 0.686192
4969 0.496277 0.686255
4970 0.496378 0.686318
4971 0.496480 0.686381
4972 0.496581 0.686243
4973 0.496481 0.686105
4974 0.496381 0.685967
4975 0.496281 0.686030
4976 0.496182 0.686093
4977 0.496082 0.686156
4978 0.495982 0.686219
4979 0.495883 0.686282
4980 0.495783 0.686345
4981 0.495884 0.686208
4982 0.495986 0.686271
4983 0.495886 0.686334
4984 0.495987 0.686396
4985 0.496088 0.686459
4986 0.496189 0.686522
4987 0.496090 0.686385
4988 0.496191 0.686447
4989 0.496292 0.686310
4990 0.496192 0.686373
4991 0.496293 0.686235
4992 0.496394 0.686098
4993 0.496295 0.685960
4994 0.496396 0.686023
4995 0.496496 0.685886
4996 0.496597 0.685949
4997 0.496498 0.685811
4998 0.496599 0.685874
4999 0.496699 0.685937
5000 0.496800 0.686000
5001 0.496701 0.685863
5002 0.496601 0.685926
5003 0.496702 0.685988
5004 0.496803 0.686051
5005 0.496703 0.686114
5006 0.496804 0.686177
5007 0.496904 0.686239
5008 0.496805 0.686302
5009 0.496706 0.686365
5010 0.496607 0.686228
5011 0.496508 0.686290
5012 0.496608 0.686353
5013 0.496509 0.686415
5014 0.496410 0.686478
5015 0.496311 0.686341
5016 0.496411 0.686204
5017 0.496512 0.686267
5018 0.496413 0.686329
5019 0.496314 0.686192
5020 0.496215 0.686255
5021 0.496315 0.686317
5022 0.496217 0.686380
5023 0.496118 0.686442
5024 0.496218 0.686505
5025 0.496119 0.686368
5026 0.496220 0.686232
5027 0.496121 0.686095
5028 0.496221 0.686158
5029 0.496122 0.686220
5030 0.496223 0.686282
5031 0.496124 0.686146
5032 0.496025 0.686010
5033 0.495927 0.685873
5034 0.495828 0.685936
5035 0.495730 0.685998
5036 0.495631 0.686060
5037 0.495732 0.686123
5038 0.495832 0.686185
5039 0.495733 0.686247
5040 0.495635 0.686310
5041 0.495537 0.686372
5042 0.495438 0.686434
5043 0.495340 0.686298
5044 0.495440 0.686360
5045 0.495540 0.686224
5046 0.495442 0.686088
5047 0.495542 0.685952
5048 0.495444 0.686014
5049 0.495544 0.686076
5050 0.495644 0.686139
5051 0.495743 0.686003
5052 0.495843 0.686065
5053 0.495943 0.686127
5054 0.495845 0.686189
5055 0.495945 0.686053
5056 0.496044 0.686116
5057 0.495946 0.686178
5058 0.496046 0.686042
5059 0.495948 0.686104
5060 0.496047 0.685968
5061 0.496147 0.685833
5062 0.496247 0.685895
5063 0.496149 0.685957
5064 0.496051 0.685821
5065 0.496150 0.685884
5066 0.496250 0.685946
5067 0.496349 0.686007
5068 0.496251 0.685872
5069 0.496153 0.685934
5070 0.496252 0.685996
5071 0.496352 0.685861
5072 0.496254 0.685923
5073 0.496156 0.685985
5074 0.496255 0.686047
5075 0.496355 0.686108
5076 0.496257 0.686170
5077 0.496159 0.686035
5078 0.496061 0.686097
5079 0.495964 0.686159
5080 0.495866 0.686220
5081 0.495965 0.686282
5082 0.495868 0.686344
5083 0.495770 0.686406
5084 0.495673 0.686467
5085 0.495575 0.686529
5086 0.495478 0.686591
5087 0.495380 0.686456
5088 0.495480 0.686321
5089 0.495579 0.686382
5090 0.495678 0.686444
5091 0.495580 0.686506
5092 0.495679 0.686567
5093 0.495779 0.686629
5094 0.495681 0.686690
5095 0.495780 0.686752
5096 0.495683 0.686813
5097 0.495586 0.686875
5098 0.495685 0.686936
5099 0.495783 0.686997
5100 0.495686 0.687059
5101 0.495785 0.686924
5102 0.495688 0.686789
5103 0.495591 0.686851
5104 0.495494 0.686912
5105 0.495397 0.686974
5106 0.495495 0.687035
5107 0.495594 0.687096
5108 0.495497 0.686962
5109 0.495596 0.686827
5110 0.495499 0.686888
5111 0.495402 0.686950
5112 0.495501 0.687011
5113 0.495404 0.687072
5114 0.495307 0.687133
5115 0.495210 0.687195
5116 0.495113 0.687060
5117 0.495017 0.686926
5118 0.494920 0.686792
5119 0.495019 0.686853
5120 0.495117 0.686914
5121 0.495021 0.686975
5122 0.495119 0.686841
5123 0.495218 0.686707
5124 0.495316 0.686768
5125 0.495415 0.686829
5126 0.495318 0.686890
5127 0.495416 0.686951
5128 0.495515 0.687012
5129 0.495418 0.686879
5130 0.495517 0.686940
5131 0.495420 0.687001
5132 0.495323 0.686867
5133 0.495227 0.686733
5134 0.495131 0.686794
5135 0.495229 0.686855
5136 0.495132 0.686916
5137 0.495231 0.686977
5138 0.495329 0.687038
5139 0.495427 0.687099
5140 0.495331 0.687160
5141 0.495234 0.687220
5142 0.495138 0.687281
5143 0.495236 0.687342
5144 0.495334 0.687208
5145 0.495432 0.687269
5146 0.495531 0.687136
5147 0.495434 0.687196
5148 0.495338 0.687257
5149 0.495242 0.687318
5150 0.495146 0.687379
5151 0.495050 0.687439
5152 0.495148 0.687500
5153 0.495245 0.687561
5154 0.495149 0.687621
5155 0.495247 0.687682
5156 0.495345 0.687742
5157 0.495249 0.687803
5158 0.495153 0.687864
5159 0.495251 0.687924
5160 0.495349 0.687791
5161 0.495447 0.687851
5162 0.495351 0.687912
5163 0.495448 0.687972
5164 0.495352 0.688033
5165 0.495450 0.688093
5166 0.495548 0.688153
5167 0.495645 0.688020
5168 0.495743 0.688080
5169 0.495841 0.688141
5170 0.495938 0.688201
5171 0.495842 0.688261
5172 0.495746 0.688128
5173 0.495844 0.687995
5174 0.495941 0.688056
5175 0.495845 0.688116
5176 0.495943 0.687983
5177 0.495847 0.688043
5178 0.495751 0.688104
5179 0.495849 0.687971
5180 0.495753 0.688031
5181 0.495850 0.688091
5182 0.495948 0.688151
5183 0.496045 0.688211
5184 0.496142 0.688272
5185 0.496046 0.688332
5186 0.496143 0.688392
5187 0.496241 0.688452
5188 0.496338 0.688319
5189 0.496242 0.688379
5190 0.496339 0.688439
5191 0.496243 0.688499
5192 0.496148 0.688559
5193 0.496245 0.688619
5194 0.496149 0.688679
5195 0.496054 0.688739
5196 0.495958 0.688799
5197 0.495863 0.688859
5198 0.495768 0.688919
5199 0.495865 0.688786
5200 0.495962 0.688846
5201 0.496058 0.688906
5202 0.496155 0.688966
5203 0.496060 0.688833
5204 0.496157 0.688893
5205 0.496061 0.688761
5206 0.495966 0.688821
5207 0.496063 0.688880
5208 0.495968 0.688940
5209 0.496065 0.689000
5210 0.495969 0.689060
5211 0.495874 0.689119
5212 0.495971 0.689179
5213 0.496068 0.689238
5214 0.496164 0.689298
5215 0.496261 0.689166
5216 0.496357 0.689034
5217 0.496454 0.689093
5218 0.496359 0.689153
5219 0.496455 0.689212
5220 0.496552 0.689080
5221 0.496648 0.689140
5222 0.496745 0.689200
5223 0.496841 0.689259
5224 0.496937 0.689319
5225 0.496842 0.689378
5226 0.496938 0.689437
5227 0.497035 0.689306
5228 0.496940 0.689174
5229 0.497036 0.689042
5230 0.496941 0.689101
5231 0.497037 0.688970
5232 0.496942 0.689029
5233 0.496847 0.689088
5234 0.496943 0.689148
5235 0.497039 0.689207
5236 0.496944 0.689267
5237 0.496849 0.689326
5238 0.496945 0.689385
5239 0.496851 0.689445
5240 0.496756 0.689504
5241 0.496852 0.689563
5242 0.496948 0.689622
5243 0.497044 0.689681
5244 0.497140 0.689550
5245 0.497045 0.689609
5246 0.496950 0.689478
5247 0.496855 0.689537
5248 0.496761 0.689596
5249 0.496666 0.689465
5250 0.496762 0.689524
5251 0.496858 0.689583
5252 0.496763 0.689642
5253 0.496669 0.689511
5254 0.496574 0.689570
5255 0.496480 0.689629
5256 0.496575 0.689688
5257 0.496671 0.689557
5258 0.496577 0.689426
5259 0.496672 0.689295
5260 0.496578 0.689354
5261 0.496484 0.689413
5262 0.496579 0.689472
5263 0.496675 0.689531
5264 0.496771 0.689590
5265 0.496676 0.689649
5266 0.496772 0.689708
5267 0.496867 0.689766
5268 0.496773 0.689636
5269 0.496868 0.689694
5270 0.496774 0.689753
5271 0.496680 0.689812
5272 0.496586 0.689681
5273 0.496681 0.689740
5274 0.496777 0.689799
5275 0.496682 0.689858
5276 0.496588 0.689917
5277 0.496494 0.689786
5278 0.496590 0.689655
5279 0.496685 0.689714
5280 0.496591 0.689773
5281 0.496686 0.689831
5282 0.496782 0.689890
5283 0.496687 0.689949
5284 0.496593 0.690008
5285 0.496500 0.690066
5286 0.496406 0.689936
5287 0.496501 0.689994
5288 0.496407 0.689864
5289 0.496502 0.689922
5290 0.496408 0.689981
5291 0.496503 0.689851
5292 0.496599 0.689720
5293 0.496505 0.689779
5294 0.496600 0.689649
5295 0.496506 0.689518
5296 0.496601 0.689577
5297 0.496696 0.689636
5298 0.496791 0.689505
5299 0.496886 0.689564
5300 0.496792 0.689434
5301 0.496887 0.689493
5302 0.496794 0.689551
5303 0.496700 0.689610
5304 0.496795 0.689668
5305 0.496890 0.689538
5306 0.496985 0.689408
5307 0.496891 0.689467
5308 0.496986 0.689525
5309 0.496892 0.689395
5310 0.496987 0.689454
5311 0.496893 0.689512
5312 0.496800 0.689383
5313 0.496894 0.689441
5314 0.496989 0.689311
5315 0.497084 0.689370
5316 0.497178 0.689428
5317 0.497273 0.689487
5318 0.497179 0.689545
5319 0.497274 0.689603
5320 0.497180 0.689662
5321 0.497087 0.689532
5322 0.497182 0.689590
5323 0.497088 0.689649
5324 0.497183 0.689519
5325 0.497089 0.689390
5326 0.497184 0.689448
5327 0.497278 0.689319
5328 0.497185 0.689189
5329 0.497091 0.689248
5330 0.496998 0.689306
5331 0.496905 0.689364
5332 0.496999 0.689422
5333 0.497094 0.689293
5334 0.497000 0.689351
5335 0.496907 0.689222
5336 0.497001 0.689093
5337 0.497096 0.689151
5338 0.497003 0.689209
5339 0.497097 0.689268
5340 0.497191 0.689326
5341 0.497285 0.689384
5342 0.497192 0.689442
5343 0.497286 0.689500
5344 0.497380 0.689558
5345 0.497287 0.689429
5346 0.497381 0.689300
5347 0.497288 0.689359
5348 0.497195 0.689417
5349 0.497289 0.689288
5350 0.497383 0.689159
5351 0.497290 0.689217
5352 0.497197 0.689275
5353 0.497291 0.689146
5354 0.497198 0.689204
5355 0.497106 0.689262
5356 0.497199 0.689134
5357 0.497107 0.689192
5358 0.497014 0.689250
5359 0.496921 0.689308
5360 0.496828 0.689366
5361 0.496922 0.689424
5362 0.496830 0.689482
5363 0.496737 0.689353
5364 0.496644 0.689411
5365 0.496552 0.689282
5366 0.496646 0.689340
5367 0.496553 0.689212
5368 0.496461 0.689270
5369 0.496368 0.689328
5370 0.496276 0.689385
5371 0.496183 0.689257
5372 0.496091 0.689315
5373 0.496185 0.689373
5374 0.496278 0.689431
5375 0.496186 0.689488
5376 0.496280 0.689360
5377 0.496187 0.689418
5378 0.496281 0.689476
5379 0.496375 0.689347
5380 0.496283 0.689405
5381 0.496376 0.689277
5382 0.496284 0.689335
5383 0.496377 0.689393
5384 0.496471 0.689450
5385 0.496565 0.689508
5386 0.496658 0.689566
5387 0.496751 0.689623
5388 0.496659 0.689681
5389 0.496753 0.689738
5390 0.496660 0.689796
5391 0.496754 0.689853
5392 0.496662 0.689911
5393 0.496570 0.689968
5394 0.496478 0.689841
5395 0.496386 0.689713
5396 0.496479 0.689770
5397 0.496387 0.689828
5398 0.496295 0.689700
5399 0.496388 0.689757
5400 0.496296 0.689630
5401 0.496390 0.689502
5402 0.496483 0.689559
5403 0.496391 0.689617
5404 0.496299 0.689489
5405 0.496392 0.689547
5406 0.496485 0.689419
5407 0.496579 0.689477
5408 0.496487 0.689349
5409 0.496395 0.689407
5410 0.496303 0.689464
5411 0.496396 0.689521
5412 0.496489 0.689579
5413 0.496582 0.689451
5414 0.496675 0.689509
5415 0.496768 0.689381
5416 0.496861 0.689439
5417 0.496769 0.689311
5418 0.496678 0.689369
5419 0.496771 0.689426
5420 0.496679 0.689483
5421 0.496772 0.689541
5422 0.496865 0.689598
5423 0.496957 0.689655
5424 0.497050 0.689528
5425 0.497143 0.689585
5426 0.497051 0.689642
5427 0.497144 0.689700
5428 0.497052 0.689757
5429 0.496961 0.689814
5430 0.496869 0.689871
5431 0.496778 0.689744
5432 0.496686 0.689801
5433 0.496595 0.689858
5434 0.496503 0.689915
5435 0.496596 0.689788
5436 0.496505 0.689662
5437 0.496413 0.689719
5438 0.496506 0.689776
5439 0.496415 0.689833
5440 0.496507 0.689890
5441 0.496600 0.689947
5442 0.496692 0.689820
5443 0.496785 0.689877
5444 0.496694 0.689750
5445 0.496602 0.689807
5446 0.496511 0.689864
5447 0.496420 0.689737
5448 0.496329 0.689611
5449 0.496238 0.689484
5450 0.496330 0.689358
5451 0.496423 0.689231
5452 0.496515 0.689288
5453 0.496424 0.689162
5454 0.496333 0.689036
5455 0.496425 0.689093
5456 0.496518 0.689150
5457 0.496427 0.689207
5458 0.496336 0.689080
5459 0.496428 0.689137
5460 0.496337 0.689194
5461 0.496429 0.689068
5462 0.496338 0.688942
5463 0.496247 0.688999
5464 0.496340 0.689056
5465 0.496432 0.688930
5466 0.496524 0.688986
5467 0.496616 0.689043
5468 0.496708 0.689100
5469 0.496617 0.688974
5470 0.496527 0.689031
5471 0.496436 0.689088
5472 0.496345 0.688962
5473 0.496437 0.688836
5474 0.496346 0.688710
5475 0.496438 0.688767
5476 0.496530 0.688641
5477 0.496622 0.688516
5478 0.496532 0.688572
5479 0.496441 0.688629
5480 0.496533 0.688686
5481 0.496625 0.688560
5482 0.496534 0.688617
5483 0.496444 0.688674
5484 0.496535 0.688549
5485 0.496627 0.688423
5486 0.496537 0.688480
5487 0.496628 0.688537
5488 0.496720 0.688411
5489 0.496812 0.688468
5490 0.496721 0.688525
5491 0.496631 0.688581
5492 0.496723 0.688456
5493 0.496632 0.688513
5494 0.496542 0.688569
5495 0.496451 0.688626
5496 0.496543 0.688683
5497 0.496635 0.688739
5498 0.496544 0.688796
5499 0.496636 0.688853
5500 0.496727 0.688727
5501 0.496819 0.688784
5502 0.496910 0.688659
5503 0.497002 0.688715
5504 0.496911 0.688772
5505 0.496821 0.688828
5506 0.496912 0.688885
5507 0.497004 0.688941
5508 0.496914 0.688998
5509 0.497005 0.689054
5510 0.497096 0.689111
5511 0.497187 0.689167
5512 0.497279 0.689224
5513 0.497188 0.689280
5514 0.497280 0.689336
5515 0.497189 0.689211
5516 0.497281 0.689086
5517 0.497372 0.689143
5518 0.497463 0.689199
5519 0.497554 0.689255
5520 0.497645 0.689130
5521 0.497736 0.689187
5522 0.497646 0.689243
5523 0.497737 0.689299
5524 0.497647 0.689356
5525 0.497557 0.689231
5526 0.497647 0.689287
5527 0.497738 0.689162
5528 0.497829 0.689038
5529 0.497739 0.689094
5530 0.497830 0.689150
5531 0.497740 0.689025
5532 0.497650 0.688901
5533 0.497560 0.688957
5534 0.497470 0.689013
5535 0.497561 0.688889
5536 0.497471 0.688945
5537 0.497562 0.689001
5538 0.497653 0.688877
5539 0.497563 0.688933
5540 0.497653 0.688989
5541 0.497744 0.688865
5542 0.497654 0.688741
5543 0.497564 0.688797
5544 0.497475 0.688853
5545 0.497385 0.688729
5546 0.497476 0.688785
5547 0.497566 0.688841
5548 0.497477 0.688897
5549 0.497387 0.688953
5550 0.497477 0.689009
5551 0.497388 0.689065
5552 0.497478 0.688941
5553 0.497389 0.688997
5554 0.497299 0.689053
5555 0.497210 0.689109
5556 0.497120 0.689165
5557 0.497031 0.689221
5558 0.497121 0.689277
5559 0.497032 0.689333
5560 0.497122 0.689388
5561 0.497213 0.689444
5562 0.497123 0.689320
5563 0.497034 0.689196
5564 0.497124 0.689252
5565 0.497215 0.689128
5566 0.497125 0.689184
5567 0.497216 0.689240
5568 0.497306 0.689296
5569 0.497396 0.689352
5570 0.497487 0.689408
5571 0.497577 0.689463
5572 0.497487 0.689519
5573 0.497398 0.689575
5574 0.497488 0.689630
5575 0.497399 0.689686
5576 0.497310 0.689742
5577 0.497400 0.689797
5578 0.497311 0.689853
5579 0.497222 0.689909
5580 0.497133 0.689964
5581 0.497044 0.689841
5582 0.497134 0.689717
5583 0.497045 0.689773
5584 0.496956 0.689649
5585 0.497046 0.689705
5586 0.497136 0.689581
5587 0.497226 0.689637
5588 0.497316 0.689692
5589 0.497227 0.689569
5590 0.497138 0.689445
5591 0.497228 0.689322
5592 0.497318 0.689378
5593 0.497407 0.689433
5594 0.497497 0.689489
5595 0.497587 0.689544
5596 0.497677 0.689421
5597 0.497588 0.689477
5598 0.497678 0.689532
5599 0.497589 0.689587
5600 0.497500 0.689464
5601 0.497411 0.689520
5602 0.497501 0.689575
5603 0.497412 0.689631
5604 0.497502 0.689686
5605 0.497591 0.689741
5606 0.497681 0.689618
5607 0.497592 0.689495
5608 0.497504 0.689551
5609 0.497415 0.689606
5610 0.497326 0.689661
5611 0.497238 0.689538
5612 0.497149 0.689594
5613 0.497060 0.689649
5614 0.497150 0.689704
5615 0.497061 0.689760
5616 0.497151 0.689815
5617 0.497241 0.689692
5618 0.497330 0.689747
5619 0.497242 0.689802
5620 0.497331 0.689680
5621 0.497420 0.689735
5622 0.497510 0.689790
5623 0.497599 0.689845
5624 0.497688 0.689900
5625 0.497600 0.689956
5626 0.497689 0.690011
5627 0.497601 0.690066
5628 0.497512 0.689943
5629 0.497602 0.689998
5630 0.497513 0.689876
5631 0.497425 0.689753
5632 0.497337 0.689808
5633 0.497426 0.689686
5634 0.497515 0.689563
5635 0.497604 0.689618
5636 0.497693 0.689674
5637 0.497605 0.689551
5638 0.497694 0.689606
5639 0.497606 0.689661
5640 0.497518 0.689716
5641 0.497430 0.689771
5642 0.497341 0.689649
5643 0.497430 0.689704
5644 0.497519 0.689582
5645 0.497609 0.689460
5646 0.497520 0.689515
5647 0.497609 0.689393
5648 0.497521 0.689271
5649 0.497433 0.689326
5650 0.497522 0.689204
5651 0.497611 0.689259
5652 0.497700 0.689137
5653 0.497789 0.689192
5654 0.497878 0.689070
5655 0.497790 0.689125
5656 0.497878 0.689180
5657 0.497790 0.689235
5658 0.497702 0.689290
5659 0.497791 0.689344
5660 0.497703 0.689223
5661 0.497615 0.689278
5662 0.497704 0.689332
5663 0.497616 0.689387
5664 0.497705 0.689442
5665 0.497617 0.689497
5666 0.497529 0.689552
5667 0.497618 0.689606
5668 0.497530 0.689661
5669 0.497619 0.689540
5670 0.497531 0.689418
5671 0.497443 0.689296
5672 0.497532 0.689175
5673 0.497620 0.689053
5674 0.497709 0.689108
5675 0.497621 0.689163
5676 0.497710 0.689218
5677 0.497798 0.689273
5678 0.497887 0.689151
5679 0.497975 0.689206
5680 0.498063 0.689261
5681 0.497976 0.689139
5682 0.498064 0.689018
5683 0.497976 0.689073
5684 0.497889 0.688951
5685 0.497977 0.689006
5686 0.497890 0.689061
5687 0.497802 0.688940
5688 0.497890 0.688819
5689 0.497803 0.688697
5690 0.497891 0.688752
5691 0.497804 0.688807
5692 0.497716 0.688862
5693 0.497804 0.688916
5694 0.497717 0.688795
5695 0.497805 0.688850
5696 0.497718 0.688904
5697 0.497806 0.688784
5698 0.497894 0.688838
5699 0.497982 0.688893
5700 0.497895 0.688772
5701 0.497983 0.688827
5702 0.498071 0.688881
5703 0.498159 0.688936
5704 0.498072 0.688815
5705 0.498160 0.688869
5706 0.498247 0.688749
5707 0.498335 0.688628
5708 0.498248 0.688683
5709 0.498161 0.688737
5710 0.498249 0.688616
5711 0.498161 0.688671
5712 0.498074 0.688725
5713 0.497987 0.688780
5714 0.498075 0.688834
5715 0.497988 0.688889
5716 0.497901 0.688943
5717 0.497988 0.688998
5718 0.497901 0.689052
5719 0.497814 0.689106
5720 0.497727 0.689161
5721 0.497815 0.689215
5722 0.497903 0.689095
5723 0.497991 0.689149
5724 0.498078 0.689203
5725 0.498166 0.689258
5726 0.498079 0.689312
5727 0.498167 0.689366
5728 0.498080 0.689420
5729 0.498167 0.689475
5730 0.498080 0.689354
5731 0.498168 0.689408
5732 0.498081 0.689463
5733 0.498168 0.689342
5734 0.498256 0.689397
5735 0.498344 0.689276
5736 0.498431 0.689331
5737 0.498344 0.689385
5738 0.498257 0.689439
5739 0.498170 0.689493
5740 0.498084 0.689547
5741 0.498171 0.689601
5742 0.498258 0.689655
5743 0.498346 0.689535
5744 0.498433 0.689589
5745 0.498520 0.689643
5746 0.498608 0.689697
5747 0.498695 0.689751
5748 0.498782 0.689805
5749 0.498869 0.689859
5750 0.498783 0.689739
5751 0.498870 0.689793
5752 0.498783 0.689673
5753 0.498870 0.689727
5754 0.498783 0.689607
5755 0.498697 0.689661
5756 0.498784 0.689541
5757 0.498697 0.689422
5758 0.498611 0.689476
5759 0.498524 0.689356
5760 0.498611 0.689236
5761 0.498698 0.689290
5762 0.498785 0.689344
5763 0.498872 0.689398
5764 0.498959 0.689452
5765 0.499046 0.689506
5766 0.498959 0.689559
5767 0.499046 0.689440
5768 0.498960 0.689494
5769 0.499047 0.689374
5770 0.499133 0.689428
5771 0.499220 0.689482
5772 0.499134 0.689362
5773 0.499221 0.689243
5774 0.499134 0.689297
5775 0.499221 0.689351
5776 0.499134 0.689404
5777 0.499221 0.689458
5778 0.499308 0.689512
5779 0.499221 0.689566
5780 0.499135 0.689619
5781 0.499049 0.689673
5782 0.499135 0.689554
5783 0.499222 0.689435
5784 0.499136 0.689488
5785 0.499049 0.689542
5786 0.498963 0.689596
5787 0.499050 0.689649
5788 0.498963 0.689530
5789 0.499050 0.689584
5790 0.499136 0.689637
5791 0.499050 0.689691
5792 0.499137 0.689744
5793 0.499051 0.689798
5794 0.499137 0.689852
5795 0.499051 0.689905
5796 0.499137 0.689959
5797 0.499224 0.690012
5798 0.499310 0.690066
5799 0.499224 0.689947
5800 0.499138 0.690000
5801 0.499224 0.690053
5802 0.499311 0.690107
5803 0.499225 0.689988
5804 0.499311 0.690041
5805 0.499225 0.689922
5806 0.499311 0.689976
5807 0.499225 0.690029
5808 0.499139 0.690083
5809 0.499053 0.690136
5810 0.499139 0.690189
5811 0.499226 0.690071
5812 0.499140 0.690124
5813 0.499226 0.690177
5814 0.499312 0.690058
5815 0.499226 0.690112
5816 0.499140 0.689993
5817 0.499226 0.690046
5818 0.499141 0.689928
5819 0.499227 0.689981
5820 0.499313 0.690034
5821 0.499399 0.689916
5822 0.499485 0.689797
5823 0.499399 0.689851
5824 0.499485 0.689904
5825 0.499399 0.689957
5826 0.499485 0.690010
5827 0.499571 0.690063
5828 0.499657 0.690117
5829 0.499571 0.689998
5830 0.499657 0.690051
5831 0.499571 0.690105
5832 0.499486 0.690158
5833 0.499400 0.690211
5834 0.499314 0.690264
5835 0.499400 0.690317
5836 0.499315 0.690370
5837 0.499229 0.690252
5838 0.499144 0.690305
5839 0.499058 0.690358
5840 0.499144 0.690411
5841 0.499058 0.690293
5842 0.498973 0.690175
5843 0.498888 0.690056
5844 0.498973 0.689938
5845 0.499059 0.689820
5846 0.498974 0.689702
5847 0.499059 0.689755
5848 0.498974 0.689808
5849 0.499060 0.689691
5850 0.499145 0.689744
5851 0.499231 0.689626
5852 0.499316 0.689679
5853 0.499231 0.689561
5854 0.499146 0.689614
5855 0.499231 0.689667
5856 0.499146 0.689720
5857 0.499232 0.689773
5858 0.499317 0.689826
5859 0.499232 0.689879
5860 0.499317 0.689932
5861 0.499232 0.689814
5862 0.499147 0.689696
5863 0.499232 0.689749
5864 0.499318 0.689802
5865 0.499403 0.689855
5866 0.499489 0.689908
5867 0.499574 0.689961
5868 0.499659 0.689843
5869 0.499574 0.689896
5870 0.499659 0.689779
5871 0.499574 0.689661
5872 0.499659 0.689714
5873 0.499574 0.689596
5874 0.499489 0.689649
5875 0.499574 0.689702
5876 0.499660 0.689755
5877 0.499575 0.689638
5878 0.499660 0.689520
5879 0.499745 0.689403
5880 0.499660 0.689456
5881 0.499575 0.689339
5882 0.499660 0.689391
5883 0.499745 0.689444
5884 0.499660 0.689327
5885 0.499575 0.689380
5886 0.499490 0.689263
5887 0.499575 0.689315
5888 0.499490 0.689368
5889 0.499575 0.689421
5890 0.499660 0.689304
5891 0.499745 0.689357
5892 0.499830 0.689409
5893 0.499745 0.689462
5894 0.499661 0.689515
5895 0.499746 0.689398
5896 0.499661 0.689450
5897 0.499746 0.689503
5898 0.499661 0.689556
5899 0.499576 0.689608
5900 0.499492 0.689661
5901 0.499576 0.689544
5902 0.499661 0.689427
5903 0.499746 0.689480
5904 0.499831 0.689533
5905 0.499915 0.689585
5906 0.499831 0.689468
5907 0.499746 0.689521
5908 0.499831 0.689404
5909 0.499746 0.689457
5910 0.499831 0.689509
5911 0.499746 0.689562
5912 0.499662 0.689614
5913 0.499577 0.689667
5914 0.499493 0.689550
5915 0.499577 0.689603
5916 0.499493 0.689655
5917 0.499577 0.689708
5918 0.499493 0.689591
5919 0.499578 0.689475
5920 0.499662 0.689358
5921 0.499747 0.689411
5922 0.499662 0.689463
5923 0.499747 0.689515
5924 0.499831 0.689568
5925 0.499916 0.689451
5926 0.499831 0.689504
5927 0.499916 0.689388
5928 0.499831 0.689271
5929 0.499747 0.689155
5930 0.499831 0.689039
5931 0.499747 0.689091
5932 0.499663 0.689144
5933 0.499747 0.689027
5934 0.499831 0.689080
5935 0.499916 0.689132
5936 0.499832 0.689185
5937 0.499747 0.689237
5938 0.499663 0.689121
5939 0.499747 0.689005
5940 0.499832 0.688889
5941 0.499916 0.688941
5942 0.499832 0.688994
5943 0.499916 0.689046
5944 0.499832 0.688930
5945 0.499748 0.688814
5946 0.499832 0.688866
5947 0.499748 0.688919
5948 0.499664 0.688803
5949 0.499580 0.688855
5950 0.499664 0.688739
5951 0.499748 0.688792
5952 0.499832 0.688844
5953 0.499748 0.688728
5954 0.499832 0.688781
5955 0.499916 0.688833
5956 0.500000 0.688885
5957 0.500084 0.688937
5958 0.500000 0.688990
5959 0.499916 0.689042
5960 0.499832 0.688926
5961 0.499748 0.688811
5962 0.499665 0.688863
5963 0.499581 0.688915
5964 0.499665 0.688967
5965 0.499749 0.689019
5966 0.499832 0.689071
5967 0.499749 0.688956
5968 0.499665 0.689008
5969 0.499749 0.689060
5970 0.499665 0.689112
5971 0.499749 0.688997
5972 0.499833 0.689049
5973 0.499749 0.689101
5974 0.499665 0.689153
5975 0.499582 0.689205
5976 0.499665 0.689257
5977 0.499749 0.689309
5978 0.499665 0.689361
5979 0.499582 0.689413
5980 0.499666 0.689465
5981 0.499582 0.689517
5982 0.499666 0.689402
5983 0.499749 0.689453
5984 0.499833 0.689505
5985 0.499749 0.689557
5986 0.499666 0.689609
5987 0.499749 0.689661
5988 0.499833 0.689713
5989 0.499750 0.689598
5990 0.499666 0.689649
5991 0.499750 0.689701
5992 0.499666 0.689586
5993 0.499750 0.689638
5994 0.499833 0.689690
5995 0.499917 0.689741
5996 0.499833 0.689793
5997 0.499917 0.689845
5998 0.500000 0.689897
5999 0.500083 0.689782
6000 0.500167 0.689833
6001 0.500083 0.689885
6002 0.500000 0.689770
6003 0.499917 0.689822
6004 0.500000 0.689873
6005 0.499917 0.689925
6006 0.499833 0.689810
6007 0.499917 0.689862
6008 0.500000 0.689913
6009 0.500083 0.689965
6010 0.500166 0.690017
6011 0.500083 0.690068
6012 0.500166 0.690120
6013 0.500249 0.690171
6014 0.500333 0.690057
6015 0.500416 0.690108
6016 0.500332 0.690160
6017 0.500415 0.690211
6018 0.500499 0.690263
6019 0.500581 0.690314
6020 0.500498 0.690365
6021 0.500581 0.690417
6022 0.500498 0.690468
6023 0.500415 0.690520
6024 0.500332 0.690571
6025 0.500249 0.690456
6026 0.500166 0.690342
6027 0.500249 0.690393
6028 0.500332 0.690445
6029 0.500415 0.690496
6030 0.500332 0.690381
6031 0.500415 0.690433
6032 0.500332 0.690318
6033 0.500249 0.690204
6034 0.500166 0.690255
6035 0.500249 0.690307
6036 0.500331 0.690192
6037 0.500414 0.690243
6038 0.500497 0.690295
6039 0.500580 0.690346
6040 0.500497 0.690397
6041 0.500414 0.690449
6042 0.500331 0.690500
6043 0.500414 0.690386
6044 0.500331 0.690271
6045 0.500248 0.690157
6046 0.500331 0.690208
6047 0.500413 0.690260
6048 0.500496 0.690311
6049 0.500413 0.690362
6050 0.500496 0.690413
6051 0.500413 0.690464
6052 0.500330 0.690516
6053 0.500413 0.690401
6054 0.500330 0.690453
6055 0.500413 0.690339
6056 0.500495 0.690225
6057 0.500413 0.690111
6058 0.500330 0.690162
6059 0.500413 0.690213
6060 0.500330 0.690264
6061 0.500247 0.690315
6062 0.500165 0.690366
6063 0.500082 0.690252
6064 0.500000 0.690303
6065 0.500082 0.690190
6066 0.500000 0.690076
6067 0.499918 0.690127
6068 0.500000 0.690013
6069 0.499918 0.690064
6070 0.500000 0.690115
6071 0.500082 0.690166
6072 0.500165 0.690217
6073 0.500247 0.690104
6074 0.500329 0.689990
6075 0.500412 0.690041
6076 0.500494 0.689928
6077 0.500411 0.689979
6078 0.500494 0.689865
6079 0.500576 0.689752
6080 0.500493 0.689803
6081 0.500411 0.689689
6082 0.500493 0.689740
6083 0.500575 0.689791
6084 0.500657 0.689678
6085 0.500575 0.689565
6086 0.500493 0.689616
6087 0.500575 0.689667
6088 0.500493 0.689717
6089 0.500575 0.689604
6090 0.500657 0.689491
6091 0.500739 0.689542
6092 0.500821 0.689593
6093 0.500903 0.689480
6094 0.500820 0.689531
6095 0.500738 0.689418
6096 0.500820 0.689469
6097 0.500738 0.689519
6098 0.500820 0.689570
6099 0.500902 0.689457
6100 0.500820 0.689508
6101 0.500901 0.689559
6102 0.500983 0.689610
6103 0.501065 0.689497
6104 0.501147 0.689384
6105 0.501229 0.689435
6106 0.501146 0.689486
6107 0.501064 0.689373
6108 0.501146 0.689424
6109 0.501228 0.689475
6110 0.501309 0.689525
6111 0.501227 0.689576
6112 0.501309 0.689627
6113 0.501390 0.689514
6114 0.501472 0.689565
6115 0.501390 0.689616
6116 0.501308 0.689503
6117 0.501226 0.689554
6118 0.501308 0.689604
6119 0.501226 0.689655
6120 0.501307 0.689706
6121 0.501225 0.689757
6122 0.501307 0.689644
6123 0.501388 0.689531
6124 0.501306 0.689582
6125 0.501224 0.689633
6126 0.501306 0.689683
6127 0.501224 0.689734
6128 0.501142 0.689621
6129 0.501061 0.689672
6130 0.501142 0.689560
6131 0.501060 0.689447
6132 0.501142 0.689498
6133 0.501060 0.689385
6134 0.501141 0.689436
6135 0.501222 0.689487
6136 0.501141 0.689374
6137 0.501059 0.689425
6138 0.500978 0.689312
6139 0.501059 0.689363
6140 0.500977 0.689414
6141 0.501058 0.689301
6142 0.501140 0.689352
6143 0.501058 0.689403
6144 0.501139 0.689453
6145 0.501058 0.689504
6146 0.501139 0.689554
6147 0.501220 0.689605
6148 0.501139 0.689655
6149 0.501057 0.689706
6150 0.501138 0.689756
6151 0.501219 0.689807
6152 0.501138 0.689857
6153 0.501056 0.689745
6154 0.501137 0.689795
6155 0.501056 0.689846
6156 0.501137 0.689896
6157 0.501218 0.689946
6158 0.501299 0.689834
6159 0.501380 0.689885
6160 0.501461 0.689773
6161 0.501542 0.689823
6162 0.501623 0.689873
6163 0.501704 0.689761
6164 0.501622 0.689812
6165 0.501541 0.689862
6166 0.501622 0.689750
6167 0.501540 0.689638
6168 0.501621 0.689689
6169 0.501540 0.689577
6170 0.501459 0.689627
6171 0.501377 0.689678
6172 0.501458 0.689566
6173 0.501539 0.689454
6174 0.501620 0.689342
6175 0.501700 0.689231
6176 0.501619 0.689281
6177 0.501700 0.689331
6178 0.501619 0.689220
6179 0.501699 0.689270
6180 0.501780 0.689320
6181 0.501861 0.689209
6182 0.501941 0.689259
6183 0.502022 0.689148
6184 0.501940 0.689198
6185 0.501859 0.689248
6186 0.501778 0.689298
6187 0.501859 0.689349
6188 0.501939 0.689399
6189 0.502020 0.689449
6190 0.501939 0.689499
6191 0.502019 0.689549
6192 0.501938 0.689438
6193 0.502018 0.689488
6194 0.502099 0.689538
6195 0.502018 0.689588
6196 0.502098 0.689638
6197 0.502017 0.689689
6198 0.501936 0.689577
6199 0.502016 0.689627
6200 0.502097 0.689677
6201 0.502016 0.689566
6202 0.501935 0.689616
6203 0.501854 0.689666
6204 0.501773 0.689716
6205 0.501853 0.689766
6206 0.501772 0.689816
6207 0.501692 0.689866
6208 0.501772 0.689916
6209 0.501691 0.689966
6210 0.501771 0.690016
6211 0.501852 0.690066
6212 0.501771 0.690116
6213 0.501851 0.690166
6214 0.501770 0.690216
6215 0.501689 0.690265
6216 0.501609 0.690315
6217 0.501689 0.690204
6218 0.501608 0.690254
6219 0.501688 0.690304
6220 0.501608 0.690354
6221 0.501688 0.690243
6222 0.501768 0.690293
6223 0.501687 0.690342
6224 0.501607 0.690392
6225 0.501687 0.690442
6226 0.501767 0.690491
6227 0.501686 0.690381
6228 0.501766 0.690430
6229 0.501846 0.690319
6230 0.501926 0.690369
6231 0.502006 0.690419
6232 0.501926 0.690469
6233 0.502005 0.690518
6234 0.501925 0.690568
6235 0.501844 0.690457
6236 0.501924 0.690507
6237 0.502004 0.690556
6238 0.501924 0.690606
6239 0.501843 0.690656
6240 0.501923 0.690705
6241 0.501843 0.690755
6242 0.501762 0.690644
6243 0.501842 0.690694
6244 0.501922 0.690743
6245 0.501841 0.690793
6246 0.501761 0.690842
6247 0.501681 0.690732
6248 0.501601 0.690781
6249 0.501520 0.690671
6250 0.501440 0.690720
6251 0.501360 0.690769
6252 0.501440 0.690819
6253 0.501519 0.690868
6254 0.501599 0.690918
6255 0.501679 0.690967
6256 0.501598 0.691017
6257 0.501678 0.691066
6258 0.501758 0.691115
6259 0.501837 0.691005
6260 0.501757 0.690895
6261 0.501837 0.690944
6262 0.501757 0.690993
6263 0.501836 0.690883
6264 0.501756 0.690773
6265 0.501836 0.690822
6266 0.501915 0.690871
6267 0.501995 0.690921
6268 0.502074 0.690810
6269 0.502153 0.690860
6270 0.502233 0.690909
6271 0.502312 0.690799
6272 0.502232 0.690848
6273 0.502152 0.690897
6274 0.502231 0.690947
6275 0.502311 0.690996
6276 0.502231 0.691045
6277 0.502310 0.691094
6278 0.502389 0.690984
6279 0.502469 0.691034
6280 0.502389 0.690924
6281 0.502468 0.690973
6282 0.502388 0.691022
6283 0.502308 0.691071
6284 0.502387 0.691120
6285 0.502466 0.691010
6286 0.502386 0.690900
6287 0.502306 0.690791
6288 0.502226 0.690840
6289 0.502306 0.690889
6290 0.502385 0.690938
6291 0.502305 0.690828
6292 0.502384 0.690877
6293 0.502304 0.690768
6294 0.502383 0.690817
6295 0.502303 0.690866
6296 0.502382 0.690915
6297 0.502303 0.690964
6298 0.502382 0.690854
6299 0.502302 0.690903
6300 0.502381 0.690952
6301 0.502460 0.691001
6302 0.502380 0.691050
6303 0.502300 0.691099
6304 0.502221 0.691148
6305 0.502141 0.691197
6306 0.502220 0.691246
6307 0.502140 0.691295
6308 0.502061 0.691186
6309 0.501981 0.691076
6310 0.502060 0.691125
6311 0.501981 0.691016
6312 0.502060 0.691065
6313 0.502138 0.690955
6314 0.502059 0.690846
6315 0.502138 0.690736
6316 0.502058 0.690627
6317 0.501979 0.690518
6318 0.501899 0.690408
6319 0.501820 0.690457
6320 0.501741 0.690506
6321 0.501819 0.690555
6322 0.501898 0.690604
6323 0.501977 0.690653
6324 0.502056 0.690702
6325 0.501976 0.690751
6326 0.502055 0.690642
6327 0.502134 0.690691
6328 0.502054 0.690740
6329 0.502133 0.690630
6330 0.502212 0.690679
6331 0.502132 0.690728
6332 0.502211 0.690619
6333 0.502290 0.690668
6334 0.502210 0.690717
6335 0.502131 0.690608
6336 0.502052 0.690657
6337 0.501973 0.690705
6338 0.502051 0.690754
6339 0.502130 0.690803
6340 0.502050 0.690852
6341 0.502129 0.690900
6342 0.502208 0.690792
6343 0.502128 0.690683
6344 0.502049 0.690731
6345 0.501970 0.690780
6346 0.502049 0.690671
6347 0.501969 0.690720
6348 0.501890 0.690611
6349 0.501969 0.690660
6350 0.501890 0.690551
6351 0.501811 0.690600
6352 0.501889 0.690491
6353 0.501968 0.690540
6354 0.501889 0.690589
6355 0.501810 0.690637
6356 0.501731 0.690686
6357 0.501652 0.690735
6358 0.501730 0.690783
6359 0.501651 0.690675
6360 0.501572 0.690723
6361 0.501651 0.690772
6362 0.501572 0.690663
6363 0.501493 0.690712
6364 0.501571 0.690603
6365 0.501493 0.690652
6366 0.501571 0.690701
6367 0.501649 0.690592
6368 0.501570 0.690641
6369 0.501492 0.690689
6370 0.501570 0.690581
6371 0.501491 0.690629
6372 0.501569 0.690521
6373 0.501491 0.690570
6374 0.501412 0.690461
6375 0.501490 0.690510
6376 0.501568 0.690558
6377 0.501647 0.690450
6378 0.501568 0.690499
6379 0.501489 0.690547
6380 0.501567 0.690596
6381 0.501489 0.690487
6382 0.501567 0.690379
6383 0.501488 0.690271
6384 0.501410 0.690163
6385 0.501488 0.690055
6386 0.501409 0.690103
6387 0.501487 0.689995
6388 0.501409 0.690044
6389 0.501487 0.690092
6390 0.501408 0.690141
6391 0.501330 0.690033
6392 0.501408 0.690081
6393 0.501330 0.689973
6394 0.501251 0.690022
6395 0.501173 0.690070
6396 0.501094 0.690119
6397 0.501016 0.690167
6398 0.500938 0.690216
6399 0.501016 0.690264
6400 0.500938 0.690312
6401 0.500859 0.690205
6402 0.500937 0.690253
6403 0.501015 0.690145
6404 0.501093 0.690194
6405 0.501171 0.690242
6406 0.501249 0.690290
6407 0.501171 0.690339
6408 0.501092 0.690387
6409 0.501014 0.690435
6410 0.501092 0.690328
6411 0.501170 0.690220
6412 0.501092 0.690112
6413 0.501169 0.690161
6414 0.501247 0.690209
6415 0.501169 0.690257
6416 0.501091 0.690305
6417 0.501013 0.690354
6418 0.500935 0.690246
6419 0.500857 0.690294
6420 0.500779 0.690187
6421 0.500857 0.690079
6422 0.500934 0.689972
6423 0.501012 0.689865
6424 0.500934 0.689913
6425 0.500856 0.689961
6426 0.500934 0.690009
6427 0.500856 0.690058
6428 0.500933 0.690106
6429 0.500855 0.690154
6430 0.500778 0.690202
6431 0.500700 0.690250
6432 0.500622 0.690299
6433 0.500544 0.690347
6434 0.500466 0.690395
6435 0.500544 0.690443
6436 0.500466 0.690491
6437 0.500388 0.690384
6438 0.500311 0.690432
6439 0.500233 0.690480
6440 0.500155 0.690528
6441 0.500233 0.690576
6442 0.500155 0.690624
6443 0.500233 0.690672
6444 0.500155 0.690565
6445 0.500233 0.690613
6446 0.500155 0.690661
6447 0.500078 0.690554
6448 0.500155 0.690602
6449 0.500233 0.690495
6450 0.500310 0.690543
6451 0.500388 0.690591
6452 0.500465 0.690484
6453 0.500542 0.690532
6454 0.500620 0.690579
6455 0.500697 0.690473
6456 0.500620 0.690520
6457 0.500542 0.690568
6458 0.500465 0.690616
6459 0.500542 0.690664
6460 0.500464 0.690557
6461 0.500542 0.690605
6462 0.500619 0.690653
6463 0.500696 0.690701
6464 0.500619 0.690594
6465 0.500696 0.690642
6466 0.500773 0.690690
6467 0.500850 0.690738
6468 0.500773 0.690785
6469 0.500696 0.690833
6470 0.500773 0.690881
6471 0.500850 0.690929
6472 0.500773 0.690977
6473 0.500695 0.691024
6474 0.500772 0.690918
6475 0.500849 0.690965
6476 0.500926 0.690859
6477 0.501004 0.690906
6478 0.501081 0.690954
6479 0.501003 0.691002
6480 0.501080 0.691049
6481 0.501003 0.691097
6482 0.501080 0.691145
6483 0.501157 0.691038
6484 0.501234 0.691086
6485 0.501311 0.690979
6486 0.501388 0.691027
6487 0.501464 0.690920
6488 0.501387 0.690968
6489 0.501464 0.691016
6490 0.501541 0.690909
6491 0.501618 0.690803
6492 0.501694 0.690696
6493 0.501771 0.690744
6494 0.501848 0.690791
6495 0.501925 0.690685
6496 0.501847 0.690733
6497 0.501924 0.690780
6498 0.501847 0.690674
6499 0.501923 0.690722
6500 0.501846 0.690769
6501 0.501769 0.690817
6502 0.501846 0.690864
6503 0.501922 0.690758
6504 0.501845 0.690652
6505 0.501922 0.690699
6506 0.501844 0.690747
6507 0.501767 0.690795
6508 0.501690 0.690688
6509 0.501613 0.690736
6510 0.501690 0.690783
6511 0.501613 0.690831
6512 0.501536 0.690878
6513 0.501612 0.690926
6514 0.501535 0.690973
6515 0.501458 0.691021
6516 0.501381 0.691068
6517 0.501458 0.691116
6518 0.501534 0.691010
6519 0.501457 0.690904
6520 0.501534 0.690951
6521 0.501610 0.690998
6522 0.501533 0.691046
6523 0.501610 0.691093
6524 0.501686 0.691140
6525 0.501609 0.691188
6526 0.501532 0.691082
6527 0.501455 0.691129
6528 0.501532 0.691176
6529 0.501455 0.691224
6530 0.501531 0.691271
6531 0.501608 0.691318
6532 0.501684 0.691212
6533 0.501607 0.691260
6534 0.501530 0.691307
6535 0.501607 0.691354
6536 0.501530 0.691401
6537 0.501453 0.691449
6538 0.501530 0.691496
6539 0.501453 0.691543
6540 0.501376 0.691437
6541 0.501452 0.691484
6542 0.501376 0.691532
6543 0.501299 0.691579
6544 0.501375 0.691626
6545 0.501451 0.691520
6546 0.501375 0.691415
6547 0.501451 0.691462
6548 0.501527 0.691509
6549 0.501451 0.691556
6550 0.501374 0.691450
6551 0.501298 0.691497
6552 0.501221 0.691545
6553 0.501145 0.691592
6554 0.501221 0.691486
6555 0.501144 0.691533
6556 0.501220 0.691580
6557 0.501144 0.691627
6558 0.501220 0.691522
6559 0.501296 0.691416
6560 0.501372 0.691311
6561 0.501448 0.691358
6562 0.501524 0.691405
6563 0.501600 0.691452
6564 0.501676 0.691347
6565 0.501599 0.691394
6566 0.501675 0.691441
6567 0.501751 0.691488
6568 0.501827 0.691382
6569 0.501751 0.691429
6570 0.501826 0.691476
6571 0.501750 0.691523
6572 0.501826 0.691570
6573 0.501902 0.691617
6574 0.501825 0.691512
6575 0.501901 0.691559
6576 0.501977 0.691606
6577 0.501901 0.691653
6578 0.501824 0.691700
6579 0.501900 0.691746
6580 0.501824 0.691793
6581 0.501899 0.691688
6582 0.501823 0.691735
6583 0.501899 0.691782
6584 0.501974 0.691829
6585 0.502050 0.691724
6586 0.501974 0.691770
6587 0.501898 0.691817
6588 0.501973 0.691864
6589 0.501897 0.691911
6590 0.501973 0.691958
6591 0.501897 0.692004
6592 0.501972 0.692051
6593 0.502048 0.692098
6594 0.502123 0.692144
6595 0.502199 0.692191
6596 0.502274 0.692238
6597 0.502350 0.692133
6598 0.502425 0.692179
6599 0.502349 0.692075
6600 0.502273 0.692121
6601 0.502348 0.692168
6602 0.502272 0.692214
6603 0.502196 0.692261
6604 0.502271 0.692156
6605 0.502347 0.692203
6606 0.502271 0.692249
6607 0.502195 0.692145
6608 0.502119 0.692191
6609 0.502194 0.692238
6610 0.502269 0.692284
6611 0.502193 0.692331
6612 0.502117 0.692377
6613 0.502193 0.692424
6614 0.502268 0.692471
6615 0.502192 0.692517
6616 0.502267 0.692563
6617 0.502342 0.692610
6618 0.502418 0.692656
6619 0.502493 0.692703
6620 0.502568 0.692598
6621 0.502643 0.692645
6622 0.502567 0.692691
6623 0.502642 0.692586
6624 0.502566 0.692633
6625 0.502491 0.692679
6626 0.502566 0.692726
6627 0.502641 0.692621
6628 0.502716 0.692517
6629 0.502791 0.692563
6630 0.502715 0.692459
6631 0.502790 0.692354
6632 0.502865 0.692400
6633 0.502789 0.692296
6634 0.502713 0.692342
6635 0.502638 0.692389
6636 0.502562 0.692285
6637 0.502637 0.692331
6638 0.502561 0.692377
6639 0.502636 0.692424
6640 0.502560 0.692470
6641 0.502635 0.692516
6642 0.502710 0.692562
6643 0.502634 0.692609
6644 0.502559 0.692655
6645 0.502483 0.692701
6646 0.502407 0.692597
6647 0.502332 0.692643
6648 0.502256 0.692690
6649 0.502181 0.692736
6650 0.502256 0.692632
6651 0.502180 0.692678
6652 0.502105 0.692724
6653 0.502179 0.692770
6654 0.502254 0.692816
6655 0.502179 0.692712
6656 0.502103 0.692608
6657 0.502028 0.692654
6658 0.502103 0.692701
6659 0.502178 0.692596
6660 0.502252 0.692492
6661 0.502327 0.692539
6662 0.502252 0.692585
6663 0.502326 0.692631
6664 0.502251 0.692677
6665 0.502326 0.692723
6666 0.502250 0.692769
6667 0.502175 0.692815
6668 0.502250 0.692861
6669 0.502174 0.692907
6670 0.502249 0.692954
6671 0.502174 0.693000
6672 0.502098 0.693046
6673 0.502023 0.693092
6674 0.502098 0.693138
6675 0.502172 0.693184
6676 0.502247 0.693080
6677 0.502172 0.692976
6678 0.502096 0.693022
6679 0.502171 0.693068
6680 0.502246 0.693114
6681 0.502170 0.693010
6682 0.502245 0.692906
6683 0.502170 0.692952
6684 0.502244 0.692998
6685 0.502319 0.693044
6686 0.502243 0.692940
6687 0.502318 0.692986
6688 0.502392 0.693032
6689 0.502317 0.692929
6690 0.502242 0.692975
6691 0.502167 0.693020
6692 0.502092 0.693066
6693 0.502017 0.693112
6694 0.502091 0.693158
6695 0.502166 0.693204
6696 0.502091 0.693250
6697 0.502016 0.693296
6698 0.502090 0.693341
6699 0.502015 0.693238
6700 0.502090 0.693284
6701 0.502015 0.693329
6702 0.501940 0.693375
6703 0.501865 0.693272
6704 0.501939 0.693317
6705 0.501864 0.693363
6706 0.501789 0.693260
6707 0.501715 0.693306
6708 0.501640 0.693202
6709 0.501714 0.693248
6710 0.501788 0.693294
6711 0.501714 0.693339
6712 0.501639 0.693385
6713 0.501564 0.693431
6714 0.501638 0.693476
6715 0.501713 0.693522
6716 0.501638 0.693568
6717 0.501563 0.693613
6718 0.501637 0.693510
6719 0.501563 0.693407
6720 0.501488 0.693304
6721 0.501562 0.693349
6722 0.501636 0.693395
6723 0.501711 0.693440
6724 0.501785 0.693486
6725 0.501710 0.693532
6726 0.501635 0.693577
6727 0.501561 0.693623
6728 0.501635 0.693668
6729 0.501709 0.693714
6730 0.501783 0.693759
6731 0.501709 0.693805
6732 0.501634 0.693850
6733 0.501708 0.693747
6734 0.501634 0.693793
6735 0.501559 0.693690
6736 0.501633 0.693735
6737 0.501559 0.693632
6738 0.501484 0.693678
6739 0.501410 0.693723
6740 0.501335 0.693620
6741 0.501261 0.693666
6742 0.501335 0.693711
6743 0.501409 0.693608
6744 0.501483 0.693654
6745 0.501557 0.693699
6746 0.501631 0.693744
6747 0.501704 0.693790
6748 0.501778 0.693835
6749 0.501704 0.693881
6750 0.501630 0.693778
6751 0.501555 0.693823
6752 0.501629 0.693720
6753 0.501703 0.693766
6754 0.501629 0.693811
6755 0.501554 0.693856
6756 0.501628 0.693902
6757 0.501702 0.693799
6758 0.501628 0.693844
6759 0.501553 0.693742
6760 0.501479 0.693787
6761 0.501405 0.693832
6762 0.501479 0.693878
6763 0.501553 0.693923
6764 0.501626 0.693968
6765 0.501552 0.693865
6766 0.501478 0.693911
6767 0.501404 0.693956
6768 0.501330 0.693853
6769 0.501256 0.693751
6770 0.501329 0.693648
6771 0.501403 0.693694
6772 0.501329 0.693591
6773 0.501255 0.693636
6774 0.501329 0.693534
6775 0.501255 0.693579
6776 0.501181 0.693625
6777 0.501254 0.693522
6778 0.501180 0.693567
6779 0.501254 0.693613
6780 0.501327 0.693658
6781 0.501401 0.693556
6782 0.501474 0.693601
6783 0.501548 0.693646
6784 0.501474 0.693544
6785 0.501548 0.693441
6786 0.501621 0.693487
6787 0.501694 0.693532
6788 0.501621 0.693577
6789 0.501547 0.693622
6790 0.501620 0.693520
6791 0.501546 0.693418
6792 0.501472 0.693463
6793 0.501546 0.693508
6794 0.501619 0.693553
6795 0.501692 0.693598
6796 0.501766 0.693643
6797 0.501692 0.693688
6798 0.501765 0.693733
6799 0.501691 0.693631
6800 0.501765 0.693676
6801 0.501691 0.693722
6802 0.501764 0.693767
6803 0.501690 0.693665
6804 0.501617 0.693710
6805 0.501690 0.693755
6806 0.501616 0.693800
6807 0.501543 0.693845
6808 0.501616 0.693890
6809 0.501542 0.693934
6810 0.501468 0.693979
6811 0.501542 0.694024
6812 0.501615 0.694069
6813 0.501541 0.694114
6814 0.501468 0.694159
6815 0.501541 0.694057
6816 0.501614 0.694102
6817 0.501687 0.694147
6818 0.501760 0.694192
6819 0.501833 0.694237
6820 0.501760 0.694282
6821 0.501686 0.694326
6822 0.501612 0.694371
6823 0.501685 0.694416
6824 0.501758 0.694461
6825 0.501832 0.694505
6826 0.501904 0.694550
6827 0.501831 0.694595
6828 0.501757 0.694493
6829 0.501830 0.694392
6830 0.501757 0.694436
6831 0.501830 0.694481
6832 0.501903 0.694379
6833 0.501829 0.694278
6834 0.501902 0.694176
6835 0.501829 0.694221
6836 0.501755 0.694266
6837 0.501682 0.694310
6838 0.501609 0.694355
6839 0.501535 0.694254
6840 0.501462 0.694152
6841 0.501535 0.694197
6842 0.501462 0.694095
6843 0.501534 0.694140
6844 0.501461 0.694039
6845 0.501534 0.693937
6846 0.501461 0.693982
6847 0.501534 0.693881
6848 0.501460 0.693925
6849 0.501533 0.693824
6850 0.501606 0.693723
6851 0.501679 0.693621
6852 0.501751 0.693666
6853 0.501824 0.693565
6854 0.501751 0.693610
6855 0.501823 0.693508
6856 0.501896 0.693553
6857 0.501823 0.693598
6858 0.501750 0.693642
6859 0.501822 0.693687
6860 0.501749 0.693586
6861 0.501822 0.693631
6862 0.501894 0.693675
6863 0.501821 0.693720
6864 0.501748 0.693765
6865 0.501675 0.693809
6866 0.501602 0.693854
6867 0.501675 0.693898
6868 0.501747 0.693943
6869 0.501820 0.693842
6870 0.501892 0.693886
6871 0.501819 0.693785
6872 0.501746 0.693830
6873 0.501819 0.693729
6874 0.501891 0.693774
6875 0.501964 0.693818
6876 0.502036 0.693717
6877 0.501963 0.693762
6878 0.502035 0.693806
6879 0.501962 0.693705
6880 0.502035 0.693605
6881 0.501962 0.693504
6882 0.502034 0.693548
6883 0.502107 0.693593
6884 0.502034 0.693637
6885 0.502106 0.693682
6886 0.502178 0.693581
6887 0.502105 0.693480
6888 0.502178 0.693525
6889 0.502250 0.693569
6890 0.502322 0.693614
6891 0.502394 0.693513
6892 0.502322 0.693413
6893 0.502394 0.693312
6894 0.502321 0.693357
6895 0.502393 0.693401
6896 0.502465 0.693445
6897 0.502392 0.693490
6898 0.502320 0.693534
6899 0.502392 0.693579
6900 0.502464 0.693623
6901 0.502391 0.693668
6902 0.502318 0.693712
6903 0.502245 0.693756
6904 0.502317 0.693656
6905 0.502245 0.693700
6906 0.502317 0.693600
6907 0.502389 0.693644
6908 0.502461 0.693688
6909 0.502533 0.693733
6910 0.502605 0.693632
6911 0.502532 0.693677
6912 0.502604 0.693576
6913 0.502676 0.693621
6914 0.502748 0.693665
6915 0.502820 0.693709
6916 0.502747 0.693754
6917 0.502819 0.693653
6918 0.502891 0.693698
6919 0.502963 0.693597
6920 0.502890 0.693642
6921 0.502818 0.693541
6922 0.502745 0.693586
6923 0.502672 0.693630
6924 0.502600 0.693674
6925 0.502527 0.693574
6926 0.502455 0.693618
6927 0.502382 0.693518
6928 0.502309 0.693418
6929 0.502381 0.693462
6930 0.502309 0.693506
6931 0.502236 0.693551
6932 0.502308 0.693595
6933 0.502380 0.693639
6934 0.502307 0.693539
6935 0.502379 0.693439
6936 0.502307 0.693339
6937 0.502234 0.693383
6938 0.502162 0.693428
6939 0.502234 0.693472
6940 0.502305 0.693516
6941 0.502233 0.693560
6942 0.502305 0.693604
6943 0.502232 0.693648
6944 0.502160 0.693692
6945 0.502232 0.693593
6946 0.502160 0.693493
6947 0.502087 0.693537
6948 0.502159 0.693581
6949 0.502087 0.693625
6950 0.502158 0.693525
6951 0.502086 0.693425
6952 0.502014 0.693470
6953 0.502085 0.693514
6954 0.502157 0.693414
6955 0.502229 0.693458
6956 0.502156 0.693502
6957 0.502084 0.693546
6958 0.502012 0.693590
6959 0.501940 0.693490
6960 0.502011 0.693534
6961 0.502083 0.693579
6962 0.502155 0.693479
6963 0.502226 0.693523
6964 0.502154 0.693567
6965 0.502082 0.693611
6966 0.502153 0.693511
6967 0.502081 0.693412
6968 0.502153 0.693456
6969 0.502081 0.693356
6970 0.502152 0.693400
6971 0.502080 0.693444
6972 0.502151 0.693488
6973 0.502223 0.693389
6974 0.502151 0.693289
6975 0.502222 0.693333
6976 0.502294 0.693377
6977 0.502222 0.693421
6978 0.502293 0.693465
6979 0.502364 0.693366
6980 0.502292 0.693410
6981 0.502220 0.693454
6982 0.502292 0.693498
6983 0.502220 0.693398
6984 0.502291 0.693299
6985 0.502219 0.693200
6986 0.502147 0.693100
6987 0.502075 0.693144
6988 0.502003 0.693045
6989 0.502075 0.693089
6990 0.502003 0.693133
6991 0.502074 0.693177
6992 0.502145 0.693221
6993 0.502217 0.693265
6994 0.502288 0.693166
6995 0.502359 0.693209
6996 0.502287 0.693253
6997 0.502358 0.693154
6998 0.502286 0.693055
6999 0.502357 0.692956
7000 0.502286 0.693000
7001 0.502357 0.693044
7002 0.502285 0.692945
7003 0.502356 0.692846
7004 0.502427 0.692890
7005 0.502498 0.692934
7006 0.502426 0.692977
7007 0.502498 0.693021
7008 0.502568 0.692922
7009 0.502497 0.692966
7010 0.502425 0.693010
7011 0.502353 0.692911
7012 0.502424 0.692955
7013 0.502495 0.692999
7014 0.502566 0.693042
7015 0.502495 0.692944
7016 0.502423 0.692987
7017 0.502494 0.692889
7018 0.502565 0.692932
7019 0.502636 0.692976
7020 0.502564 0.692877
7021 0.502493 0.692921
7022 0.502421 0.692823
7023 0.502349 0.692866
7024 0.502420 0.692910
7025 0.502349 0.692954
7026 0.502277 0.692855
7027 0.502206 0.692757
7028 0.502277 0.692658
7029 0.502347 0.692702
7030 0.502418 0.692745
7031 0.502347 0.692789
7032 0.502275 0.692833
7033 0.502346 0.692734
7034 0.502417 0.692636
7035 0.502345 0.692537
7036 0.502274 0.692439
7037 0.502203 0.692483
7038 0.502131 0.692384
7039 0.502060 0.692428
7040 0.501989 0.692330
7041 0.502059 0.692373
7042 0.502130 0.692417
7043 0.502059 0.692461
7044 0.501988 0.692362
7045 0.501916 0.692406
7046 0.501987 0.692308
7047 0.502058 0.692351
7048 0.501986 0.692253
7049 0.501915 0.692155
7050 0.501844 0.692057
7051 0.501915 0.692100
7052 0.501843 0.692002
7053 0.501772 0.691904
7054 0.501843 0.691806
7055 0.501772 0.691850
7056 0.501701 0.691893
7057 0.501630 0.691937
7058 0.501559 0.691981
7059 0.501629 0.692024
7060 0.501558 0.692068
7061 0.501487 0.691970
7062 0.501416 0.691872
7063 0.501487 0.691916
7064 0.501416 0.691818
7065 0.501345 0.691861
7066 0.501274 0.691905
7067 0.501344 0.691948
7068 0.501415 0.691992
7069 0.501485 0.691894
7070 0.501414 0.691938
7071 0.501344 0.691981
7072 0.501273 0.692025
7073 0.501202 0.692068
7074 0.501272 0.692112
7075 0.501343 0.692155
7076 0.501272 0.692199
7077 0.501342 0.692242
7078 0.501413 0.692145
7079 0.501342 0.692188
7080 0.501412 0.692232
7081 0.501342 0.692275
7082 0.501271 0.692319
7083 0.501341 0.692362
7084 0.501412 0.692405
7085 0.501482 0.692308
7086 0.501411 0.692351
7087 0.501482 0.692395
7088 0.501552 0.692438
7089 0.501622 0.692481
7090 0.501551 0.692525
7091 0.501622 0.692427
7092 0.501551 0.692470
7093 0.501480 0.692514
7094 0.501410 0.692416
7095 0.501339 0.692459
7096 0.501409 0.692503
7097 0.501479 0.692546
7098 0.501550 0.692589
7099 0.501620 0.692633
7100 0.501549 0.692676
7101 0.501619 0.692719
7102 0.501549 0.692763
7103 0.501478 0.692806
7104 0.501408 0.692708
7105 0.501337 0.692752
7106 0.501407 0.692795
7107 0.501477 0.692838
7108 0.501407 0.692741
7109 0.501477 0.692643
7110 0.501547 0.692546
7111 0.501477 0.692589
7112 0.501547 0.692632
7113 0.501617 0.692675
7114 0.501687 0.692719
7115 0.501616 0.692621
7116 0.501686 0.692664
7117 0.501756 0.692567
7118 0.501826 0.692610
7119 0.501896 0.692653
7120 0.501966 0.692697
7121 0.501896 0.692740
7122 0.501966 0.692643
7123 0.501895 0.692686
7124 0.501965 0.692588
7125 0.501895 0.692632
7126 0.501824 0.692675
7127 0.501894 0.692718
7128 0.501964 0.692761
7129 0.502034 0.692804
7130 0.501964 0.692707
7131 0.501893 0.692610
7132 0.501823 0.692513
7133 0.501752 0.692556
7134 0.501682 0.692599
7135 0.501752 0.692502
7136 0.501682 0.692545
7137 0.501751 0.692588
7138 0.501821 0.692631
7139 0.501891 0.692674
7140 0.501961 0.692577
7141 0.502031 0.692480
7142 0.501960 0.692523
7143 0.502030 0.692566
7144 0.502100 0.692609
7145 0.502029 0.692652
7146 0.502099 0.692695
7147 0.502029 0.692738
7148 0.502098 0.692781
7149 0.502168 0.692824
7150 0.502098 0.692867
7151 0.502168 0.692910
7152 0.502237 0.692953
7153 0.502307 0.692996
7154 0.502376 0.692899
7155 0.502306 0.692802
7156 0.502376 0.692845
7157 0.502445 0.692748
7158 0.502375 0.692652
7159 0.502444 0.692695
7160 0.502374 0.692598
7161 0.502304 0.692641
7162 0.502234 0.692684
7163 0.502304 0.692727
7164 0.502373 0.692769
7165 0.502303 0.692673
7166 0.502233 0.692576
7167 0.502302 0.692619
7168 0.502232 0.692662
7169 0.502302 0.692705
7170 0.502371 0.692608
7171 0.502301 0.692651
7172 0.502231 0.692554
7173 0.502161 0.692458
7174 0.502091 0.692501
7175 0.502021 0.692544
7176 0.501951 0.692586
7177 0.502020 0.692490
7178 0.502090 0.692393
7179 0.502159 0.692297
7180 0.502228 0.692340
7181 0.502158 0.692383
7182 0.502089 0.692426
7183 0.502019 0.692329
7184 0.502088 0.692233
7185 0.502157 0.692276
7186 0.502227 0.692179
7187 0.502296 0.692083
7188 0.502365 0.691987
7189 0.502434 0.691890
7190 0.502364 0.691794
7191 0.502295 0.691837
7192 0.502225 0.691880
7193 0.502155 0.691923
7194 0.502085 0.691966
7195 0.502154 0.692008
7196 0.502223 0.692051
7197 0.502293 0.692094
7198 0.502223 0.692137
7199 0.502292 0.692179
7200 0.502222 0.692222
7201 0.502291 0.692126
7202 0.502222 0.692169
7203 0.502152 0.692212
7204 0.502082 0.692254
7205 0.502151 0.692297
7206 0.502082 0.692340
7207 0.502012 0.692382
7208 0.501942 0.692425
7209 0.501873 0.692468
7210 0.501803 0.692510
7211 0.501872 0.692414
7212 0.501941 0.692457
7213 0.501872 0.692361
7214 0.501941 0.692265
7215 0.501871 0.692308
7216 0.501802 0.692350
7217 0.501871 0.692393
7218 0.501801 0.692436
7219 0.501732 0.692340
7220 0.501662 0.692244
7221 0.501731 0.692286
7222 0.501800 0.692329
7223 0.501731 0.692372
7224 0.501661 0.692414
7225 0.501592 0.692457
7226 0.501522 0.692361
7227 0.501453 0.692265
7228 0.501522 0.692308
7229 0.501452 0.692350
7230 0.501521 0.692393
7231 0.501590 0.692297
7232 0.501521 0.692340
7233 0.501452 0.692382
7234 0.501521 0.692425
7235 0.501589 0.692329
7236 0.501520 0.692371
7237 0.501589 0.692276
7238 0.501658 0.692318
7239 0.501727 0.692361
7240 0.501796 0.692403
7241 0.501864 0.692446
7242 0.501795 0.692488
7243 0.501864 0.692531
7244 0.501933 0.692573
7245 0.502001 0.692616
7246 0.501932 0.692520
7247 0.502001 0.692562
7248 0.501932 0.692605
7249 0.501862 0.692509
7250 0.501793 0.692552
7251 0.501724 0.692456
7252 0.501655 0.692499
7253 0.501723 0.692541
7254 0.501654 0.692446
7255 0.501585 0.692488
7256 0.501654 0.692530
7257 0.501722 0.692435
7258 0.501653 0.692339
7259 0.501584 0.692244
7260 0.501515 0.692287
7261 0.501446 0.692329
7262 0.501515 0.692371
7263 0.501583 0.692276
7264 0.501514 0.692318
7265 0.501445 0.692361
7266 0.501376 0.692265
7267 0.501307 0.692308
7268 0.501238 0.692350
7269 0.501307 0.692392
7270 0.501376 0.692297
7271 0.501444 0.692339
7272 0.501375 0.692382
7273 0.501306 0.692424
7274 0.501237 0.692329
7275 0.501168 0.692234
7276 0.501237 0.692276
7277 0.501168 0.692318
7278 0.501099 0.692361
7279 0.501030 0.692265
7280 0.501099 0.692308
7281 0.501167 0.692350
7282 0.501236 0.692392
7283 0.501304 0.692434
7284 0.501373 0.692477
7285 0.501441 0.692519
7286 0.501510 0.692561
7287 0.501578 0.692466
7288 0.501647 0.692371
7289 0.501715 0.692276
7290 0.501783 0.692318
7291 0.501714 0.692360
7292 0.501646 0.692403
7293 0.501714 0.692445
7294 0.501645 0.692350
7295 0.501714 0.692392
7296 0.501782 0.692297
7297 0.501713 0.692339
7298 0.501781 0.692381
7299 0.501713 0.692287
7300 0.501781 0.692329
7301 0.501849 0.692371
7302 0.501780 0.692413
7303 0.501849 0.692455
7304 0.501780 0.692497
7305 0.501848 0.692539
7306 0.501779 0.692581
7307 0.501711 0.692487
7308 0.501779 0.692529
7309 0.501710 0.692434
7310 0.501778 0.692476
7311 0.501710 0.692518
7312 0.501641 0.692560
7313 0.501709 0.692602
7314 0.501777 0.692644
7315 0.501709 0.692686
7316 0.501777 0.692728
7317 0.501845 0.692770
7318 0.501776 0.692812
7319 0.501845 0.692854
7320 0.501913 0.692896
7321 0.501844 0.692938
7322 0.501912 0.692980
7323 0.501980 0.693022
7324 0.502048 0.693064
7325 0.501980 0.692969
7326 0.502048 0.692875
7327 0.502115 0.692917
7328 0.502183 0.692959
7329 0.502115 0.693000
7330 0.502183 0.692906
7331 0.502251 0.692811
7332 0.502319 0.692853
7333 0.502386 0.692759
7334 0.502454 0.692801
7335 0.502522 0.692706
7336 0.502590 0.692748
7337 0.502658 0.692654
7338 0.502589 0.692696
7339 0.502657 0.692737
7340 0.502589 0.692779
7341 0.502656 0.692821
7342 0.502724 0.692863
7343 0.502792 0.692905
7344 0.502723 0.692947
7345 0.502791 0.692852
7346 0.502859 0.692758
7347 0.502790 0.692800
7348 0.502858 0.692705
7349 0.502926 0.692611
7350 0.502993 0.692653
7351 0.502925 0.692695
7352 0.502856 0.692737
7353 0.502924 0.692778
7354 0.502992 0.692820
7355 0.503059 0.692726
7356 0.502991 0.692768
7357 0.502922 0.692810
7358 0.502990 0.692851
7359 0.503057 0.692893
7360 0.503125 0.692935
7361 0.503057 0.692976
7362 0.503124 0.693018
7363 0.503192 0.692924
7364 0.503123 0.692966
7365 0.503055 0.693007
7366 0.502987 0.693049
7367 0.503054 0.693091
7368 0.503122 0.693132
7369 0.503053 0.693174
7370 0.503121 0.693216
7371 0.503053 0.693257
7372 0.502984 0.693163
7373 0.502916 0.693069
7374 0.502983 0.693111
7375 0.503051 0.693153
7376 0.503118 0.693194
7377 0.503186 0.693236
7378 0.503117 0.693277
7379 0.503185 0.693319
7380 0.503117 0.693225
7381 0.503184 0.693266
7382 0.503116 0.693173
7383 0.503183 0.693214
7384 0.503115 0.693120
7385 0.503182 0.693162
7386 0.503114 0.693203
7387 0.503046 0.693245
7388 0.502978 0.693286
7389 0.503045 0.693328
7390 0.502977 0.693234
7391 0.502909 0.693276
7392 0.502841 0.693317
7393 0.502908 0.693359
7394 0.502975 0.693400
7395 0.503043 0.693442
7396 0.503110 0.693348
7397 0.503177 0.693389
7398 0.503244 0.693431
7399 0.503311 0.693472
7400 0.503378 0.693514
7401 0.503310 0.693420
7402 0.503242 0.693326
7403 0.503174 0.693232
7404 0.503106 0.693139
7405 0.503174 0.693045
7406 0.503106 0.693087
7407 0.503173 0.693128
7408 0.503240 0.693170
7409 0.503307 0.693076
7410 0.503239 0.693117
7411 0.503306 0.693159
7412 0.503373 0.693200
7413 0.503305 0.693242
7414 0.503372 0.693283
7415 0.503439 0.693324
7416 0.503506 0.693366
7417 0.503438 0.693272
7418 0.503370 0.693314
7419 0.503437 0.693220
7420 0.503504 0.693261
7421 0.503571 0.693303
7422 0.503638 0.693344
7423 0.503570 0.693251
7424 0.503502 0.693292
7425 0.503434 0.693333
7426 0.503501 0.693375
7427 0.503433 0.693281
7428 0.503500 0.693323
7429 0.503432 0.693364
7430 0.503365 0.693405
7431 0.503432 0.693446
7432 0.503364 0.693353
7433 0.503296 0.693394
7434 0.503363 0.693436
7435 0.503430 0.693477
7436 0.503497 0.693518
7437 0.503429 0.693559
7438 0.503361 0.693600
7439 0.503293 0.693507
7440 0.503360 0.693414
7441 0.503293 0.693321
7442 0.503225 0.693228
7443 0.503292 0.693269
7444 0.503224 0.693310
7445 0.503156 0.693217
7446 0.503089 0.693258
7447 0.503021 0.693165
7448 0.503088 0.693206
7449 0.503021 0.693113
7450 0.503087 0.693154
7451 0.503020 0.693196
7452 0.503086 0.693103
7453 0.503153 0.693144
7454 0.503220 0.693185
7455 0.503152 0.693092
7456 0.503219 0.693133
7457 0.503286 0.693040
7458 0.503218 0.693081
7459 0.503151 0.693122
7460 0.503083 0.693164
7461 0.503150 0.693205
7462 0.503216 0.693112
7463 0.503283 0.693019
7464 0.503215 0.692926
7465 0.503282 0.692967
7466 0.503215 0.692874
7467 0.503147 0.692915
7468 0.503214 0.692957
7469 0.503146 0.692864
7470 0.503213 0.692905
7471 0.503145 0.692812
7472 0.503078 0.692853
7473 0.503011 0.692761
7474 0.503077 0.692802
7475 0.503144 0.692709
7476 0.503210 0.692750
7477 0.503277 0.692791
7478 0.503209 0.692832
7479 0.503142 0.692873
7480 0.503209 0.692914
7481 0.503141 0.692955
7482 0.503074 0.692997
7483 0.503140 0.692904
7484 0.503207 0.692945
7485 0.503273 0.692986
7486 0.503206 0.692893
7487 0.503139 0.692934
7488 0.503072 0.692842
7489 0.503004 0.692883
7490 0.503071 0.692924
7491 0.503137 0.692831
7492 0.503203 0.692872
7493 0.503270 0.692913
7494 0.503203 0.692954
7495 0.503135 0.692995
7496 0.503202 0.692903
7497 0.503268 0.692810
7498 0.503334 0.692851
7499 0.503400 0.692892
7500 0.503333 0.692800
7501 0.503266 0.692841
7502 0.503199 0.692882
7503 0.503265 0.692923
7504 0.503198 0.692964
7505 0.503131 0.693005
7506 0.503197 0.693046
7507 0.503264 0.693086
7508 0.503330 0.692994
7509 0.503263 0.692902
7510 0.503196 0.692943
7511 0.503129 0.692984
7512 0.503062 0.693024
7513 0.503128 0.693065
7514 0.503194 0.693106
7515 0.503127 0.693014
7516 0.503060 0.692922
7517 0.503126 0.692963
7518 0.503059 0.692870
7519 0.502992 0.692911
7520 0.502926 0.692952
7521 0.502992 0.692993
7522 0.502925 0.692901
7523 0.502858 0.692942
7524 0.502791 0.692982
7525 0.502724 0.692890
7526 0.502657 0.692931
7527 0.502591 0.692972
7528 0.502524 0.693013
7529 0.502590 0.693054
7530 0.502523 0.693094
7531 0.502457 0.693135
7532 0.502390 0.693176
7533 0.502323 0.693217
7534 0.502256 0.693125
7535 0.502190 0.693165
7536 0.502123 0.693206
7537 0.502189 0.693114
7538 0.502123 0.693155
7539 0.502189 0.693195
7540 0.502255 0.693236
7541 0.502188 0.693277
7542 0.502121 0.693317
7543 0.502187 0.693358
7544 0.502121 0.693266
7545 0.502187 0.693307
7546 0.502120 0.693347
7547 0.502186 0.693256
7548 0.502120 0.693164
7549 0.502186 0.693204
7550 0.502252 0.693245
7551 0.502318 0.693286
7552 0.502383 0.693326
7553 0.502317 0.693367
7554 0.502383 0.693275
7555 0.502316 0.693316
7556 0.502382 0.693356
7557 0.502448 0.693397
7558 0.502514 0.693305
7559 0.502447 0.693346
7560 0.502381 0.693386
7561 0.502315 0.693427
7562 0.502380 0.693335
7563 0.502446 0.693376
7564 0.502380 0.693284
7565 0.502313 0.693192
7566 0.502379 0.693233
7567 0.502313 0.693273
7568 0.502246 0.693182
7569 0.502312 0.693222
7570 0.502246 0.693131
7571 0.502311 0.693171
7572 0.502377 0.693080
7573 0.502443 0.693120
7574 0.502509 0.693161
7575 0.502574 0.693201
7576 0.502508 0.693242
7577 0.502442 0.693282
7578 0.502507 0.693323
7579 0.502441 0.693363
7580 0.502507 0.693404
7581 0.502572 0.693312
7582 0.502506 0.693221
7583 0.502440 0.693261
7584 0.502505 0.693302
7585 0.502571 0.693342
7586 0.502636 0.693251
7587 0.502702 0.693291
7588 0.502636 0.693332
7589 0.502701 0.693240
7590 0.502635 0.693281
7591 0.502701 0.693321
7592 0.502766 0.693361
7593 0.502700 0.693402
7594 0.502765 0.693311
7595 0.502699 0.693351
7596 0.502765 0.693391
7597 0.502830 0.693300
7598 0.502895 0.693340
7599 0.502961 0.693381
7600 0.502895 0.693421
7601 0.502829 0.693461
7602 0.502762 0.693502
7603 0.502828 0.693542
7604 0.502893 0.693582
7605 0.502827 0.693623
7606 0.502892 0.693531
7607 0.502958 0.693572
7608 0.502892 0.693612
7609 0.502957 0.693652
7610 0.502891 0.693693
7611 0.502825 0.693733
7612 0.502759 0.693773
7613 0.502824 0.693813
7614 0.502758 0.693722
7615 0.502692 0.693762
7616 0.502626 0.693671
7617 0.502691 0.693711
7618 0.502757 0.693752
7619 0.502822 0.693792
7620 0.502887 0.693832
7621 0.502821 0.693872
7622 0.502755 0.693912
7623 0.502820 0.693953
7624 0.502886 0.693861
7625 0.502951 0.693902
7626 0.502885 0.693942
7627 0.502950 0.693982
7628 0.503015 0.693891
7629 0.502949 0.693800
7630 0.503014 0.693840
7631 0.503080 0.693880
7632 0.503145 0.693920
7633 0.503210 0.693829
7634 0.503275 0.693739
7635 0.503209 0.693648
7636 0.503143 0.693688
7637 0.503208 0.693597
7638 0.503142 0.693506
7639 0.503207 0.693546
7640 0.503141 0.693586
7641 0.503206 0.693626
7642 0.503271 0.693667
7643 0.503206 0.693707
7644 0.503140 0.693747
7645 0.503074 0.693787
7646 0.503139 0.693827
7647 0.503204 0.693867
7648 0.503269 0.693907
7649 0.503203 0.693947
7650 0.503268 0.693987
7651 0.503333 0.693896
7652 0.503267 0.693936
7653 0.503201 0.693846
7654 0.503266 0.693886
7655 0.503201 0.693926
7656 0.503265 0.693966
7657 0.503330 0.694005
7658 0.503265 0.694045
7659 0.503329 0.694085
7660 0.503394 0.693995
7661 0.503459 0.694035
7662 0.503524 0.694075
7663 0.503589 0.694115
7664 0.503523 0.694154
7665 0.503457 0.694194
7666 0.503522 0.694234
7667 0.503456 0.694274
7668 0.503391 0.694314
7669 0.503325 0.694354
7670 0.503390 0.694394
7671 0.503455 0.694434
7672 0.503389 0.694473
7673 0.503323 0.694383
7674 0.503388 0.694423
7675 0.503322 0.694463
7676 0.503387 0.694372
7677 0.503322 0.694282
7678 0.503256 0.694321
7679 0.503321 0.694231
7680 0.503385 0.694141
7681 0.503320 0.694050
7682 0.503385 0.694090
7683 0.503319 0.694130
7684 0.503254 0.694170
7685 0.503188 0.694079
7686 0.503253 0.694119
7687 0.503317 0.694159
7688 0.503252 0.694199
7689 0.503316 0.694239
7690 0.503251 0.694278
7691 0.503186 0.694188
7692 0.503120 0.694098
7693 0.503055 0.694138
7694 0.502989 0.694177
7695 0.503054 0.694217
7696 0.502989 0.694257
7697 0.503053 0.694296
7698 0.503118 0.694336
7699 0.503052 0.694246
7700 0.502987 0.694156
7701 0.503052 0.694066
7702 0.503116 0.693976
7703 0.503051 0.694015
7704 0.502985 0.694055
7705 0.502920 0.694095
7706 0.502985 0.694005
7707 0.502919 0.693915
7708 0.502984 0.693825
7709 0.502919 0.693735
7710 0.502983 0.693774
7711 0.502918 0.693684
7712 0.502982 0.693724
7713 0.502917 0.693764
7714 0.502852 0.693674
7715 0.502787 0.693584
7716 0.502851 0.693624
7717 0.502916 0.693663
7718 0.502850 0.693703
7719 0.502785 0.693743
7720 0.502720 0.693782
7721 0.502655 0.693693
7722 0.502720 0.693732
7723 0.502654 0.693772
7724 0.502589 0.693682
7725 0.502524 0.693592
7726 0.502589 0.693502
7727 0.502524 0.693413
7728 0.502459 0.693323
7729 0.502394 0.693363
7730 0.502329 0.693402
7731 0.502264 0.693442
7732 0.502328 0.693352
7733 0.502263 0.693392
7734 0.502198 0.693432
7735 0.502262 0.693471
7736 0.502198 0.693511
7737 0.502133 0.693550
7738 0.502197 0.693461
7739 0.502261 0.693500
7740 0.502326 0.693411
7741 0.502390 0.693450
7742 0.502325 0.693490
7743 0.502389 0.693530
7744 0.502454 0.693569
7745 0.502518 0.693609
7746 0.502582 0.693648
7747 0.502646 0.693559
7748 0.502710 0.693598
7749 0.502775 0.693638
7750 0.502839 0.693677
7751 0.502903 0.693717
7752 0.502967 0.693627
7753 0.502902 0.693667
7754 0.502966 0.693578
7755 0.502901 0.693617
7756 0.502965 0.693528
7757 0.502901 0.693438
7758 0.502836 0.693478
7759 0.502900 0.693517
7760 0.502964 0.693428
7761 0.503028 0.693467
7762 0.502963 0.693507
7763 0.502898 0.693417
7764 0.502962 0.693457
7765 0.503026 0.693496
7766 0.502962 0.693536
7767 0.502897 0.693575
7768 0.502961 0.693615
7769 0.502896 0.693526
7770 0.502960 0.693565
7771 0.503024 0.693604
7772 0.502959 0.693644
7773 0.503023 0.693683
7774 0.503087 0.693723
7775 0.503151 0.693762
7776 0.503215 0.693801
7777 0.503279 0.693841
7778 0.503214 0.693752
7779 0.503150 0.693662
7780 0.503213 0.693702
7781 0.503149 0.693613
7782 0.503213 0.693652
7783 0.503148 0.693691
7784 0.503083 0.693731
7785 0.503019 0.693642
7786 0.503082 0.693553
7787 0.503146 0.693463
7788 0.503082 0.693374
7789 0.503145 0.693414
7790 0.503209 0.693453
7791 0.503145 0.693492
7792 0.503080 0.693532
7793 0.503016 0.693571
7794 0.503079 0.693610
7795 0.503015 0.693650
7796 0.502950 0.693689
7797 0.503014 0.693600
7798 0.502949 0.693639
7799 0.503013 0.693550
7800 0.503077 0.693590
7801 0.503141 0.693629
7802 0.503076 0.693668
7803 0.503140 0.693708
7804 0.503075 0.693619
7805 0.503011 0.693658
7806 0.502946 0.693569
7807 0.502882 0.693608
7808 0.502818 0.693648
7809 0.502753 0.693687
7810 0.502817 0.693726
7811 0.502753 0.693637
7812 0.502688 0.693676
7813 0.502752 0.693716
7814 0.502815 0.693627
7815 0.502879 0.693666
7816 0.502943 0.693705
7817 0.503006 0.693744
7818 0.503070 0.693784
7819 0.503133 0.693823
7820 0.503197 0.693862
7821 0.503133 0.693773
7822 0.503068 0.693684
7823 0.503132 0.693596
7824 0.503195 0.693507
7825 0.503131 0.693546
7826 0.503194 0.693585
7827 0.503130 0.693625
7828 0.503194 0.693664
7829 0.503129 0.693703
7830 0.503193 0.693742
7831 0.503129 0.693781
7832 0.503192 0.693820
7833 0.503128 0.693859
7834 0.503064 0.693898
7835 0.502999 0.693810
7836 0.503063 0.693849
7837 0.502999 0.693888
7838 0.503062 0.693799
7839 0.503125 0.693711
7840 0.503061 0.693622
7841 0.503125 0.693662
7842 0.503188 0.693573
7843 0.503251 0.693612
7844 0.503187 0.693651
7845 0.503250 0.693690
7846 0.503314 0.693729
7847 0.503250 0.693641
7848 0.503313 0.693552
7849 0.503376 0.693592
7850 0.503439 0.693631
7851 0.503503 0.693542
7852 0.503439 0.693581
7853 0.503375 0.693493
7854 0.503438 0.693532
7855 0.503374 0.693571
7856 0.503437 0.693610
7857 0.503500 0.693649
7858 0.503563 0.693561
7859 0.503499 0.693472
7860 0.503562 0.693384
7861 0.503498 0.693423
7862 0.503561 0.693462
7863 0.503625 0.693374
7864 0.503688 0.693413
7865 0.503751 0.693452
7866 0.503687 0.693491
7867 0.503623 0.693530
7868 0.503559 0.693569
7869 0.503495 0.693481
7870 0.503558 0.693393
7871 0.503494 0.693305
7872 0.503430 0.693343
7873 0.503493 0.693382
7874 0.503556 0.693421
7875 0.503619 0.693460
7876 0.503555 0.693499
7877 0.503491 0.693538
7878 0.503554 0.693577
7879 0.503490 0.693489
7880 0.503553 0.693528
7881 0.503489 0.693440
7882 0.503426 0.693479
7883 0.503489 0.693518
7884 0.503551 0.693430
7885 0.503488 0.693342
7886 0.503424 0.693381
7887 0.503487 0.693420
7888 0.503423 0.693458
7889 0.503359 0.693497
7890 0.503295 0.693409
7891 0.503358 0.693448
7892 0.503294 0.693487
7893 0.503231 0.693526
7894 0.503167 0.693565
7895 0.503103 0.693477
7896 0.503166 0.693516
7897 0.503102 0.693555
7898 0.503165 0.693593
7899 0.503228 0.693506
7900 0.503165 0.693418
7901 0.503227 0.693330
7902 0.503164 0.693242
7903 0.503227 0.693281
7904 0.503289 0.693320
7905 0.503226 0.693232
7906 0.503289 0.693144
7907 0.503351 0.693183
7908 0.503288 0.693222
7909 0.503224 0.693261
7910 0.503161 0.693300
7911 0.503223 0.693212
7912 0.503286 0.693251
7913 0.503223 0.693163
7914 0.503285 0.693076
7915 0.503348 0.693114
7916 0.503284 0.693153
7917 0.503221 0.693192
7918 0.503284 0.693104
7919 0.503220 0.693017
7920 0.503157 0.693056
7921 0.503093 0.692968
7922 0.503030 0.693007
7923 0.503092 0.693046
7924 0.503029 0.692958
7925 0.503091 0.692997
7926 0.503154 0.692909
7927 0.503091 0.692948
7928 0.503153 0.692861
7929 0.503090 0.692899
7930 0.503153 0.692812
7931 0.503089 0.692725
7932 0.503152 0.692763
7933 0.503214 0.692802
7934 0.503151 0.692841
7935 0.503088 0.692880
7936 0.503150 0.692918
7937 0.503213 0.692831
7938 0.503275 0.692744
7939 0.503212 0.692782
7940 0.503149 0.692821
7941 0.503085 0.692860
7942 0.503022 0.692773
7943 0.502959 0.692811
7944 0.503021 0.692850
7945 0.502958 0.692889
7946 0.502895 0.692927
7947 0.502831 0.692840
7948 0.502894 0.692753
7949 0.502956 0.692792
7950 0.503019 0.692830
7951 0.503081 0.692743
7952 0.503018 0.692782
7953 0.503081 0.692820
7954 0.503017 0.692859
7955 0.503080 0.692772
7956 0.503017 0.692810
7957 0.503079 0.692849
7958 0.503141 0.692762
7959 0.503204 0.692801
7960 0.503266 0.692714
7961 0.503203 0.692752
7962 0.503140 0.692791
7963 0.503202 0.692704
7964 0.503265 0.692742
7965 0.503327 0.692781
7966 0.503264 0.692819
7967 0.503326 0.692858
7968 0.503263 0.692897
7969 0.503200 0.692935
7970 0.503137 0.692848
7971 0.503074 0.692761
7972 0.503011 0.692800
7973 0.502947 0.692838
7974 0.502884 0.692751
7975 0.502821 0.692790
7976 0.502758 0.692703
7977 0.502821 0.692742
7978 0.502883 0.692655
7979 0.502945 0.692693
7980 0.503008 0.692607
7981 0.503070 0.692645
7982 0.503132 0.692684
7983 0.503194 0.692722
7984 0.503257 0.692635
7985 0.503319 0.692674
7986 0.503381 0.692712
7987 0.503443 0.692626
7988 0.503380 0.692664
7989 0.503442 0.692577
7990 0.503379 0.692491
7991 0.503441 0.692404
7992 0.503504 0.692317
7993 0.503441 0.692231
7994 0.503503 0.692269
7995 0.503565 0.692183
7996 0.503627 0.692221
7997 0.503564 0.692135
7998 0.503626 0.692048
7999 0.503563 0.692087
8000 0.503500 0.692000
8001 0.503562 0.691914
8002 0.503624 0.691827
8003 0.503686 0.691741
8004 0.503623 0.691654
8005 0.503560 0.691568
8006 0.503497 0.691481
8007 0.503559 0.691520
8008 0.503621 0.691558
8009 0.503683 0.691472
8010 0.503620 0.691511
8011 0.503682 0.691549
8012 0.503620 0.691463
8013 0.503557 0.691377
8014 0.503619 0.691415
8015 0.503681 0.691454
8016 0.503743 0.691367
8017 0.503804 0.691406
8018 0.503866 0.691320
8019 0.503928 0.691233
8020 0.503865 0.691147
8021 0.503927 0.691061
8022 0.503989 0.691099
8023 0.504051 0.691138
8024 0.503988 0.691052
8025 0.503925 0.690966
8026 0.503862 0.691004
8027 0.503924 0.691043
8028 0.503861 0.690957
8029 0.503799 0.690995
8030 0.503861 0.691034
8031 0.503798 0.691072
8032 0.503735 0.691111
8033 0.503797 0.691149
8034 0.503734 0.691187
8035 0.503671 0.691226
8036 0.503609 0.691140
8037 0.503546 0.691054
8038 0.503483 0.690968
8039 0.503545 0.690882
8040 0.503607 0.690920
8041 0.503669 0.690834
8042 0.503730 0.690873
8043 0.503668 0.690911
8044 0.503729 0.690825
8045 0.503791 0.690740
8046 0.503853 0.690654
8047 0.503915 0.690692
8048 0.503852 0.690606
8049 0.503789 0.690645
8050 0.503727 0.690683
8051 0.503788 0.690722
8052 0.503726 0.690760
8053 0.503787 0.690798
8054 0.503725 0.690837
8055 0.503662 0.690875
8056 0.503600 0.690914
8057 0.503661 0.690828
8058 0.503723 0.690742
8059 0.503661 0.690656
8060 0.503598 0.690571
8061 0.503660 0.690609
8062 0.503721 0.690523
8063 0.503783 0.690562
8064 0.503844 0.690600
8065 0.503906 0.690639
8066 0.503967 0.690677
8067 0.503905 0.690591
8068 0.503966 0.690630
8069 0.503904 0.690668
8070 0.503841 0.690706
8071 0.503903 0.690745
8072 0.503964 0.690783
8073 0.503902 0.690821
8074 0.503839 0.690736
8075 0.503777 0.690774
8076 0.503715 0.690688
8077 0.503776 0.690727
8078 0.503714 0.690765
8079 0.503775 0.690803
8080 0.503837 0.690842
8081 0.503774 0.690880
8082 0.503712 0.690918
8083 0.503773 0.690833
8084 0.503711 0.690871
8085 0.503772 0.690909
8086 0.503834 0.690824
8087 0.503771 0.690862
8088 0.503709 0.690900
8089 0.503647 0.690938
8090 0.503585 0.690853
8091 0.503646 0.690768
8092 0.503584 0.690806
8093 0.503522 0.690720
8094 0.503583 0.690759
8095 0.503521 0.690673
8096 0.503458 0.690588
8097 0.503396 0.690626
8098 0.503458 0.690664
8099 0.503519 0.690579
8100 0.503580 0.690494
8101 0.503518 0.690409
8102 0.503456 0.690447
8103 0.503517 0.690362
8104 0.503455 0.690400
8105 0.503393 0.690438
8106 0.503331 0.690476
8107 0.503392 0.690514
8108 0.503453 0.690553
8109 0.503391 0.690591
8110 0.503453 0.690629
8111 0.503390 0.690544
8112 0.503452 0.690459
8113 0.503513 0.690373
8114 0.503451 0.690412
8115 0.503512 0.690450
8116 0.503450 0.690365
8117 0.503511 0.690280
8118 0.503572 0.690318
8119 0.503633 0.690356
8120 0.503571 0.690394
8121 0.503633 0.690432
8122 0.503694 0.690470
8123 0.503755 0.690508
8124 0.503693 0.690547
8125 0.503754 0.690585
8126 0.503815 0.690623
8127 0.503876 0.690661
8128 0.503937 0.690699
8129 0.503875 0.690737
8130 0.503936 0.690775
8131 0.503997 0.690690
8132 0.503935 0.690728
8133 0.503996 0.690766
8134 0.503934 0.690681
8135 0.503995 0.690596
8136 0.504056 0.690634
8137 0.504117 0.690549
8138 0.504178 0.690587
8139 0.504116 0.690625
8140 0.504054 0.690663
8141 0.503992 0.690701
8142 0.503930 0.690739
8143 0.503991 0.690777
8144 0.503929 0.690815
8145 0.503990 0.690853
8146 0.504051 0.690891
8147 0.503989 0.690929
8148 0.504050 0.690967
8149 0.504111 0.690882
8150 0.504172 0.690798
8151 0.504110 0.690835
8152 0.504048 0.690873
8153 0.503986 0.690911
8154 0.503924 0.690949
8155 0.503985 0.690987
8156 0.503923 0.691025
8157 0.503862 0.691063
8158 0.503923 0.691101
8159 0.503861 0.691139
8160 0.503799 0.691054
8161 0.503860 0.690969
8162 0.503921 0.691007
8163 0.503981 0.690922
8164 0.504042 0.690960
8165 0.503980 0.690998
8166 0.504041 0.691036
8167 0.504102 0.691074
8168 0.504040 0.691112
8169 0.504101 0.691149
8170 0.504162 0.691187
8171 0.504100 0.691103
8172 0.504161 0.691140
8173 0.504099 0.691056
8174 0.504160 0.691094
8175 0.504098 0.691131
8176 0.504159 0.691169
8177 0.504219 0.691085
8178 0.504280 0.691123
8179 0.504218 0.691038
8180 0.504156 0.691076
8181 0.504095 0.691114
8182 0.504155 0.691151
8183 0.504094 0.691067
8184 0.504154 0.691105
8185 0.504093 0.691142
8186 0.504031 0.691058
8187 0.504092 0.691096
8188 0.504152 0.691133
8189 0.504213 0.691171
8190 0.504274 0.691087
8191 0.504334 0.691124
8192 0.504272 0.691162
8193 0.504333 0.691200
8194 0.504393 0.691237
8195 0.504332 0.691275
8196 0.504392 0.691191
8197 0.504453 0.691228
8198 0.504513 0.691144
8199 0.504574 0.691060
8200 0.504634 0.691098
8201 0.504695 0.691013
8202 0.504755 0.690929
8203 0.504815 0.690845
8204 0.504754 0.690761
8205 0.504814 0.690798
8206 0.504874 0.690836
8207 0.504935 0.690752
8208 0.504873 0.690668
8209 0.504812 0.690705
8210 0.504872 0.690743
8211 0.504811 0.690781
8212 0.504871 0.690818
8213 0.504809 0.690856
8214 0.504870 0.690772
8215 0.504930 0.690809
8216 0.504869 0.690847
8217 0.504807 0.690763
8218 0.504746 0.690801
8219 0.504806 0.690838
8220 0.504745 0.690876
8221 0.504683 0.690792
8222 0.504743 0.690829
8223 0.504682 0.690867
8224 0.504742 0.690905
8225 0.504802 0.690821
8226 0.504741 0.690858
8227 0.504680 0.690896
8228 0.504618 0.690812
8229 0.504557 0.690849
8230 0.504617 0.690887
8231 0.504677 0.690925
8232 0.504738 0.690962
8233 0.504676 0.691000
8234 0.504615 0.690916
8235 0.504675 0.690832
8236 0.504614 0.690748
8237 0.504674 0.690785
8238 0.504613 0.690823
8239 0.504673 0.690861
8240 0.504733 0.690898
8241 0.504793 0.690936
8242 0.504732 0.690852
8243 0.504671 0.690889
8244 0.504609 0.690927
8245 0.504669 0.690964
8246 0.504608 0.691002
8247 0.504668 0.691039
8248 0.504607 0.691077
8249 0.504546 0.691114
8250 0.504485 0.691152
8251 0.504424 0.691189
8252 0.504484 0.691226
8253 0.504544 0.691264
8254 0.504483 0.691180
8255 0.504543 0.691217
8256 0.504482 0.691255
8257 0.504420 0.691171
8258 0.504481 0.691209
8259 0.504541 0.691246
8260 0.504600 0.691283
8261 0.504539 0.691321
8262 0.504478 0.691237
8263 0.504417 0.691274
8264 0.504477 0.691191
8265 0.504416 0.691228
8266 0.504355 0.691265
8267 0.504415 0.691303
8268 0.504475 0.691340
8269 0.504414 0.691377
8270 0.504474 0.691294
8271 0.504534 0.691331
8272 0.504594 0.691368
8273 0.504533 0.691285
8274 0.504472 0.691322
8275 0.504532 0.691360
8276 0.504471 0.691397
8277 0.504410 0.691313
8278 0.504470 0.691351
8279 0.504530 0.691388
8280 0.504589 0.691304
8281 0.504528 0.691221
8282 0.504468 0.691258
8283 0.504407 0.691295
8284 0.504346 0.691212
8285 0.504406 0.691249
8286 0.504345 0.691287
8287 0.504404 0.691324
8288 0.504344 0.691361
8289 0.504283 0.691398
8290 0.504222 0.691435
8291 0.504161 0.691473
8292 0.504100 0.691510
8293 0.504040 0.691547
8294 0.503979 0.691584
8295 0.503918 0.691621
8296 0.503978 0.691538
8297 0.503917 0.691455
8298 0.503856 0.691492
8299 0.503796 0.691529
8300 0.503735 0.691446
8301 0.503795 0.691362
8302 0.503854 0.691400
8303 0.503914 0.691437
8304 0.503974 0.691354
8305 0.504034 0.691391
8306 0.504093 0.691428
8307 0.504033 0.691345
8308 0.504092 0.691382
8309 0.504032 0.691299
8310 0.503971 0.691336
8311 0.503910 0.691253
8312 0.503970 0.691290
8313 0.504030 0.691327
8314 0.504089 0.691364
8315 0.504029 0.691401
8316 0.503968 0.691438
8317 0.503908 0.691475
8318 0.503847 0.691392
8319 0.503787 0.691429
8320 0.503846 0.691466
8321 0.503906 0.691383
8322 0.503965 0.691420
8323 0.503905 0.691457
8324 0.503964 0.691494
8325 0.503904 0.691532
8326 0.503963 0.691448
8327 0.503903 0.691365
8328 0.503963 0.691282
8329 0.504022 0.691319
8330 0.503962 0.691236
8331 0.503901 0.691154
8332 0.503841 0.691191
8333 0.503900 0.691228
8334 0.503840 0.691265
8335 0.503899 0.691302
8336 0.503959 0.691339
8337 0.504018 0.691376
8338 0.504078 0.691413
8339 0.504017 0.691450
8340 0.503957 0.691487
8341 0.504016 0.691524
8342 0.504076 0.691561
8343 0.504015 0.691598
8344 0.503955 0.691635
8345 0.503895 0.691672
8346 0.503954 0.691709
8347 0.504013 0.691746
8348 0.503953 0.691782
8349 0.504012 0.691700
8350 0.503952 0.691617
8351 0.503892 0.691654
8352 0.503951 0.691691
8353 0.503891 0.691608
8354 0.503950 0.691645
8355 0.504010 0.691682
8356 0.503949 0.691719
8357 0.503889 0.691755
8358 0.503829 0.691673
8359 0.503888 0.691710
8360 0.503828 0.691746
8361 0.503887 0.691664
8362 0.503827 0.691701
8363 0.503767 0.691618
8364 0.503826 0.691655
8365 0.503766 0.691572
8366 0.503705 0.691489
8367 0.503645 0.691407
8368 0.503705 0.691444
8369 0.503644 0.691480
8370 0.503704 0.691398
8371 0.503644 0.691315
8372 0.503583 0.691233
8373 0.503523 0.691270
8374 0.503463 0.691187
8375 0.503403 0.691224
8376 0.503462 0.691141
8377 0.503402 0.691178
8378 0.503461 0.691215
8379 0.503521 0.691133
8380 0.503461 0.691050
8381 0.503520 0.691087
8382 0.503460 0.691124
8383 0.503400 0.691161
8384 0.503459 0.691198
8385 0.503399 0.691234
8386 0.503458 0.691271
8387 0.503517 0.691189
8388 0.503577 0.691106
8389 0.503636 0.691143
8390 0.503695 0.691180
8391 0.503754 0.691217
8392 0.503813 0.691134
8393 0.503753 0.691171
8394 0.503812 0.691089
8395 0.503752 0.691126
8396 0.503811 0.691162
8397 0.503751 0.691199
8398 0.503691 0.691236
8399 0.503631 0.691273
8400 0.503690 0.691310
8401 0.503750 0.691346
8402 0.503690 0.691383
8403 0.503749 0.691420
8404 0.503808 0.691456
8405 0.503748 0.691493
8406 0.503807 0.691530
8407 0.503747 0.691448
8408 0.503806 0.691484
8409 0.503746 0.691521
8410 0.503686 0.691558
8411 0.503626 0.691594
8412 0.503566 0.691512
8413 0.503506 0.691549
8414 0.503565 0.691467
8415 0.503624 0.691384
8416 0.503683 0.691421
8417 0.503742 0.691458
8418 0.503801 0.691494
8419 0.503860 0.691531
8420 0.503800 0.691449
8421 0.503859 0.691486
8422 0.503800 0.691522
8423 0.503740 0.691440
8424 0.503680 0.691358
8425 0.503620 0.691276
8426 0.503560 0.691194
8427 0.503501 0.691231
8428 0.503441 0.691149
8429 0.503381 0.691185
8430 0.503440 0.691222
8431 0.503380 0.691258
8432 0.503439 0.691295
8433 0.503498 0.691332
8434 0.503438 0.691368
8435 0.503497 0.691405
8436 0.503556 0.691323
8437 0.503497 0.691241
8438 0.503437 0.691278
8439 0.503377 0.691314
8440 0.503318 0.691351
8441 0.503376 0.691269
8442 0.503317 0.691305
8443 0.503376 0.691223
8444 0.503434 0.691260
8445 0.503375 0.691178
8446 0.503315 0.691096
8447 0.503374 0.691133
8448 0.503433 0.691051
8449 0.503373 0.691088
8450 0.503432 0.691124
8451 0.503372 0.691042
8452 0.503313 0.691079
8453 0.503372 0.691116
8454 0.503430 0.691152
8455 0.503489 0.691189
8456 0.503548 0.691225
8457 0.503488 0.691143
8458 0.503429 0.691062
8459 0.503369 0.691098
8460 0.503428 0.691017
8461 0.503487 0.690935
8462 0.503545 0.690971
8463 0.503604 0.691008
8464 0.503663 0.691044
8465 0.503603 0.691081
8466 0.503544 0.690999
8467 0.503602 0.690918
8468 0.503661 0.690954
8469 0.503719 0.690991
8470 0.503660 0.691027
8471 0.503719 0.691064
8472 0.503777 0.691100
8473 0.503718 0.691137
8474 0.503776 0.691055
8475 0.503835 0.691091
8476 0.503775 0.691128
8477 0.503834 0.691164
8478 0.503774 0.691201
8479 0.503833 0.691237
8480 0.503892 0.691274
8481 0.503950 0.691310
8482 0.503891 0.691346
8483 0.503831 0.691383
8484 0.503890 0.691301
8485 0.503830 0.691338
8486 0.503771 0.691256
8487 0.503712 0.691293
8488 0.503770 0.691211
8489 0.503828 0.691247
8490 0.503769 0.691284
8491 0.503710 0.691320
8492 0.503768 0.691357
8493 0.503827 0.691393
8494 0.503767 0.691429
8495 0.503826 0.691466
8496 0.503766 0.691384
8497 0.503707 0.691421
8498 0.503766 0.691457
8499 0.503706 0.691493
8500 0.503647 0.691412
8501 0.503588 0.691448
8502 0.503646 0.691367
8503 0.503587 0.691285
8504 0.503645 0.691322
8505 0.503704 0.691240
8506 0.503644 0.691277
8507 0.503585 0.691195
8508 0.503644 0.691114
8509 0.503584 0.691151
8510 0.503643 0.691187
8511 0.503584 0.691223
8512 0.503642 0.691259
8513 0.503583 0.691296
8514 0.503641 0.691332
8515 0.503699 0.691368
8516 0.503758 0.691404
8517 0.503698 0.691441
8518 0.503757 0.691477
8519 0.503815 0.691513
8520 0.503873 0.691432
8521 0.503931 0.691468
8522 0.503990 0.691504
8523 0.503931 0.691541
8524 0.503871 0.691577
8525 0.503812 0.691496
8526 0.503871 0.691532
8527 0.503811 0.691568
8528 0.503752 0.691487
8529 0.503693 0.691523
8530 0.503751 0.691559
8531 0.503692 0.691595
8532 0.503633 0.691632
8533 0.503692 0.691668
8534 0.503750 0.691587
8535 0.503808 0.691623
8536 0.503749 0.691659
8537 0.503690 0.691695
8538 0.503748 0.691731
8539 0.503689 0.691650
8540 0.503630 0.691686
8541 0.503571 0.691722
8542 0.503629 0.691758
8543 0.503570 0.691794
8544 0.503628 0.691831
8545 0.503569 0.691750
8546 0.503510 0.691786
8547 0.503452 0.691822
8548 0.503510 0.691858
8549 0.503568 0.691894
8550 0.503626 0.691930
8551 0.503567 0.691966
8552 0.503625 0.691885
8553 0.503683 0.691804
8554 0.503624 0.691723
8555 0.503682 0.691759
8556 0.503740 0.691678
8557 0.503798 0.691598
8558 0.503856 0.691634
8559 0.503914 0.691553
8560 0.503972 0.691589
8561 0.503913 0.691508
8562 0.503854 0.691427
8563 0.503912 0.691463
8564 0.503970 0.691499
8565 0.504028 0.691419
8566 0.504086 0.691455
8567 0.504027 0.691491
8568 0.503968 0.691410
8569 0.503909 0.691329
8570 0.503967 0.691249
8571 0.503909 0.691285
8572 0.503850 0.691204
8573 0.503908 0.691123
8574 0.503849 0.691159
8575 0.503907 0.691195
8576 0.503848 0.691231
8577 0.503789 0.691151
8578 0.503847 0.691187
8579 0.503788 0.691223
8580 0.503730 0.691259
8581 0.503671 0.691295
8582 0.503612 0.691331
8583 0.503670 0.691250
8584 0.503728 0.691170
8585 0.503786 0.691206
8586 0.503843 0.691242
8587 0.503901 0.691278
8588 0.503959 0.691313
8589 0.504017 0.691233
8590 0.503958 0.691153
8591 0.504016 0.691072
8592 0.503957 0.691108
8593 0.503899 0.691028
8594 0.503840 0.691064
8595 0.503898 0.691099
8596 0.503839 0.691135
8597 0.503780 0.691055
8598 0.503722 0.690975
8599 0.503663 0.691011
8600 0.503721 0.690930
8601 0.503662 0.690966
8602 0.503720 0.691002
8603 0.503662 0.690922
8604 0.503603 0.690958
8605 0.503544 0.690877
8606 0.503602 0.690913
8607 0.503660 0.690949
8608 0.503601 0.690985
8609 0.503543 0.691021
8610 0.503600 0.691057
8611 0.503658 0.690977
8612 0.503600 0.691013
8613 0.503541 0.691048
8614 0.503599 0.690968
8615 0.503540 0.691004
8616 0.503482 0.690924
8617 0.503540 0.690844
8618 0.503597 0.690880
8619 0.503539 0.690915
8620 0.503480 0.690951
8621 0.503422 0.690987
8622 0.503363 0.690907
8623 0.503305 0.690827
8624 0.503247 0.690747
8625 0.503188 0.690783
8626 0.503130 0.690818
8627 0.503188 0.690738
8628 0.503245 0.690774
8629 0.503303 0.690810
8630 0.503244 0.690846
8631 0.503186 0.690882
8632 0.503128 0.690918
8633 0.503070 0.690953
8634 0.503011 0.690873
8635 0.502953 0.690909
8636 0.502895 0.690945
8637 0.502837 0.690981
8638 0.502894 0.691016
8639 0.502952 0.690936
8640 0.502894 0.690972
8641 0.502835 0.691008
8642 0.502893 0.691044
8643 0.502950 0.691079
8644 0.502892 0.691000
8645 0.502950 0.690920
8646 0.503007 0.690955
8647 0.502949 0.690991
8648 0.503006 0.691027
8649 0.503064 0.691063
8650 0.503006 0.690983
8651 0.503063 0.690903
8652 0.503005 0.690939
8653 0.503063 0.690974
8654 0.503004 0.691010
8655 0.502946 0.691046
8656 0.503004 0.690966
8657 0.502946 0.691002
8658 0.503003 0.691037
8659 0.502945 0.690957
8660 0.503002 0.690993
8661 0.502944 0.691029
8662 0.503002 0.690949
8663 0.503059 0.690985
8664 0.503001 0.691020
8665 0.502943 0.691056
8666 0.503000 0.690976
8667 0.502942 0.691012
8668 0.502884 0.691048
8669 0.502942 0.691083
8670 0.502884 0.691119
8671 0.502826 0.691154
8672 0.502883 0.691190
8673 0.502825 0.691226
8674 0.502882 0.691146
8675 0.502939 0.691182
8676 0.502882 0.691217
8677 0.502939 0.691253
8678 0.502881 0.691288
8679 0.502938 0.691324
8680 0.502880 0.691359
8681 0.502937 0.691395
8682 0.502880 0.691431
8683 0.502937 0.691351
8684 0.502879 0.691386
8685 0.502821 0.691422
8686 0.502878 0.691458
8687 0.502820 0.691493
8688 0.502878 0.691413
8689 0.502820 0.691449
8690 0.502877 0.691369
8691 0.502819 0.691405
8692 0.502876 0.691440
8693 0.502933 0.691476
8694 0.502876 0.691511
8695 0.502818 0.691432
8696 0.502875 0.691467
8697 0.502932 0.691503
8698 0.502989 0.691423
8699 0.502931 0.691459
8700 0.502989 0.691379
8701 0.503046 0.691300
8702 0.503103 0.691335
8703 0.503045 0.691371
8704 0.503102 0.691406
8705 0.503044 0.691442
8706 0.503101 0.691477
8707 0.503044 0.691513
8708 0.502986 0.691433
8709 0.503043 0.691469
8710 0.502985 0.691389
8711 0.502927 0.691425
8712 0.502984 0.691345
8713 0.503041 0.691381
8714 0.502984 0.691301
8715 0.502926 0.691337
8716 0.502868 0.691372
8717 0.502925 0.691408
8718 0.502982 0.691443
8719 0.503039 0.691478
8720 0.503096 0.691514
8721 0.503153 0.691549
8722 0.503210 0.691584
8723 0.503153 0.691505
8724 0.503095 0.691541
8725 0.503152 0.691461
8726 0.503094 0.691497
8727 0.503037 0.691532
8728 0.502979 0.691453
8729 0.502921 0.691374
8730 0.502978 0.691409
8731 0.502921 0.691330
8732 0.502863 0.691251
8733 0.502920 0.691286
8734 0.502862 0.691321
8735 0.502805 0.691357
8736 0.502747 0.691392
8737 0.502690 0.691313
8738 0.502632 0.691348
8739 0.502575 0.691383
8740 0.502632 0.691304
8741 0.502688 0.691340
8742 0.502745 0.691375
8743 0.502688 0.691410
8744 0.502745 0.691446
8745 0.502687 0.691481
8746 0.502744 0.691516
8747 0.502801 0.691437
8748 0.502743 0.691472
8749 0.502800 0.691508
8750 0.502743 0.691429
8751 0.502800 0.691464
8752 0.502742 0.691499
8753 0.502685 0.691420
8754 0.502627 0.691341
8755 0.502684 0.691376
8756 0.502741 0.691412
8757 0.502798 0.691447
8758 0.502855 0.691482
8759 0.502797 0.691517
8760 0.502854 0.691438
8761 0.502911 0.691359
8762 0.502967 0.691395
8763 0.503024 0.691430
8764 0.502967 0.691465
8765 0.503023 0.691500
8766 0.503080 0.691535
8767 0.503023 0.691571
8768 0.503079 0.691492
8769 0.503136 0.691527
8770 0.503193 0.691562
8771 0.503249 0.691483
8772 0.503192 0.691518
8773 0.503135 0.691554
8774 0.503077 0.691475
8775 0.503134 0.691510
8776 0.503191 0.691431
8777 0.503133 0.691352
8778 0.503190 0.691388
8779 0.503132 0.691309
8780 0.503075 0.691344
8781 0.503132 0.691265
8782 0.503188 0.691300
8783 0.503131 0.691336
8784 0.503074 0.691257
8785 0.503130 0.691178
8786 0.503073 0.691213
8787 0.503130 0.691248
8788 0.503186 0.691170
8789 0.503129 0.691205
8790 0.503185 0.691126
8791 0.503128 0.691048
8792 0.503071 0.691083
8793 0.503014 0.691004
8794 0.503070 0.691039
8795 0.503013 0.691074
8796 0.502956 0.691110
8797 0.503012 0.691031
8798 0.502955 0.691066
8799 0.502898 0.690988
8800 0.502841 0.691023
8801 0.502897 0.691058
8802 0.502840 0.690979
8803 0.502783 0.690901
8804 0.502726 0.690936
8805 0.502783 0.690971
8806 0.502725 0.690893
8807 0.502782 0.690814
8808 0.502838 0.690849
8809 0.502781 0.690771
8810 0.502838 0.690692
8811 0.502894 0.690727
8812 0.502837 0.690649
8813 0.502893 0.690684
8814 0.502836 0.690719
8815 0.502893 0.690641
8816 0.502836 0.690676
8817 0.502779 0.690598
8818 0.502835 0.690519
8819 0.502778 0.690554
8820 0.502834 0.690590
8821 0.502777 0.690511
8822 0.502834 0.690546
8823 0.502890 0.690468
8824 0.502947 0.690503
8825 0.502890 0.690538
8826 0.502833 0.690573
8827 0.502889 0.690608
8828 0.502945 0.690530
8829 0.503001 0.690565
8830 0.503058 0.690600
8831 0.503001 0.690635
8832 0.503057 0.690670
8833 0.503000 0.690592
8834 0.503056 0.690627
8835 0.502999 0.690662
8836 0.503056 0.690697
8837 0.503112 0.690732
8838 0.503055 0.690767
8839 0.503111 0.690689
8840 0.503167 0.690611
8841 0.503111 0.690533
8842 0.503167 0.690455
8843 0.503223 0.690490
8844 0.503166 0.690412
8845 0.503222 0.690447
8846 0.503278 0.690482
8847 0.503334 0.690517
8848 0.503278 0.690439
8849 0.503221 0.690360
8850 0.503277 0.690395
8851 0.503220 0.690430
8852 0.503276 0.690352
8853 0.503332 0.690387
8854 0.503275 0.690422
8855 0.503331 0.690457
8856 0.503275 0.690379
8857 0.503218 0.690414
8858 0.503161 0.690449
8859 0.503104 0.690484
8860 0.503047 0.690519
8861 0.503103 0.690554
8862 0.503047 0.690589
8863 0.502990 0.690624
8864 0.502933 0.690546
8865 0.502989 0.690468
8866 0.503045 0.690390
8867 0.503101 0.690425
8868 0.503157 0.690347
8869 0.503213 0.690382
8870 0.503157 0.690417
8871 0.503213 0.690452
8872 0.503156 0.690487
8873 0.503099 0.690409
8874 0.503155 0.690444
8875 0.503211 0.690366
8876 0.503267 0.690401
8877 0.503211 0.690323
8878 0.503154 0.690358
8879 0.503097 0.690393
8880 0.503041 0.690428
8881 0.503096 0.690463
8882 0.503152 0.690498
8883 0.503096 0.690420
8884 0.503152 0.690455
8885 0.503208 0.690490
8886 0.503151 0.690412
8887 0.503094 0.690447
8888 0.503150 0.690482
8889 0.503094 0.690516
8890 0.503037 0.690551
8891 0.502981 0.690474
8892 0.503036 0.690396
8893 0.503092 0.690431
8894 0.503036 0.690353
8895 0.502979 0.690388
8896 0.503035 0.690423
8897 0.503091 0.690457
8898 0.503147 0.690492
8899 0.503090 0.690415
8900 0.503034 0.690449
8901 0.502977 0.690484
8902 0.502921 0.690407
8903 0.502977 0.690329
8904 0.502920 0.690364
8905 0.502864 0.690399
8906 0.502807 0.690433
8907 0.502751 0.690468
8908 0.502806 0.690391
8909 0.502862 0.690313
8910 0.502918 0.690348
8911 0.502862 0.690383
8912 0.502917 0.690417
8913 0.502861 0.690340
8914 0.502805 0.690263
8915 0.502860 0.690297
8916 0.502804 0.690332
8917 0.502860 0.690255
8918 0.502915 0.690289
8919 0.502971 0.690324
8920 0.503027 0.690247
8921 0.502971 0.690281
8922 0.503026 0.690204
8923 0.503082 0.690127
8924 0.503026 0.690161
8925 0.502969 0.690084
8926 0.503025 0.690119
8927 0.503081 0.690153
8928 0.503024 0.690076
8929 0.502968 0.690111
8930 0.503024 0.690146
8931 0.503079 0.690068
8932 0.503135 0.690103
8933 0.503190 0.690138
8934 0.503246 0.690172
8935 0.503302 0.690207
8936 0.503245 0.690242
8937 0.503189 0.690276
8938 0.503245 0.690311
8939 0.503188 0.690346
8940 0.503244 0.690268
8941 0.503188 0.690303
8942 0.503131 0.690338
8943 0.503075 0.690372
8944 0.503019 0.690295
8945 0.502963 0.690218
8946 0.502906 0.690253
8947 0.502962 0.690287
8948 0.503017 0.690210
8949 0.502961 0.690245
8950 0.502905 0.690279
8951 0.502961 0.690314
8952 0.502904 0.690349
8953 0.502960 0.690383
8954 0.503015 0.690306
8955 0.502959 0.690341
8956 0.502903 0.690375
8957 0.502847 0.690410
8958 0.502902 0.690444
8959 0.502958 0.690479
8960 0.502902 0.690513
8961 0.502846 0.690548
8962 0.502901 0.690582
8963 0.502845 0.690505
8964 0.502900 0.690428
8965 0.502844 0.690463
8966 0.502900 0.690386
8967 0.502955 0.690309
8968 0.503011 0.690343
8969 0.502955 0.690378
8970 0.503010 0.690412
8971 0.503065 0.690447
8972 0.503121 0.690481
8973 0.503176 0.690516
8974 0.503120 0.690550
8975 0.503175 0.690585
8976 0.503231 0.690619
8977 0.503286 0.690542
8978 0.503230 0.690577
8979 0.503285 0.690611
8980 0.503229 0.690646
8981 0.503173 0.690680
8982 0.503117 0.690603
8983 0.503061 0.690638
8984 0.503117 0.690672
8985 0.503061 0.690707
8986 0.503005 0.690741
8987 0.502949 0.690776
8988 0.502893 0.690810
8989 0.502837 0.690844
8990 0.502892 0.690879
8991 0.502836 0.690913
8992 0.502891 0.690948
8993 0.502836 0.690982
8994 0.502780 0.690905
8995 0.502724 0.690939
8996 0.502668 0.690974
8997 0.502723 0.691008
8998 0.502778 0.690931
8999 0.502834 0.690966
9000 0.502889 0.691000
9001 0.502944 0.691034
9002 0.502999 0.691069
9003 0.503055 0.691103
9004 0.503110 0.691137
9005 0.503165 0.691172
9006 0.503109 0.691206
9007 0.503164 0.691240
9008 0.503108 0.691274
9009 0.503164 0.691309
9010 0.503219 0.691343
9011 0.503163 0.691377
9012 0.503218 0.691411
9013 0.503162 0.691446
9014 0.503217 0.691369
9015 0.503161 0.691403
9016 0.503106 0.691327
9017 0.503161 0.691361
9018 0.503216 0.691395
9019 0.503271 0.691429
9020 0.503215 0.691463
9021 0.503159 0.691498
9022 0.503104 0.691532
9023 0.503159 0.691455
9024 0.503103 0.691489
9025 0.503158 0.691524
9026 0.503213 0.691447
9027 0.503157 0.691481
9028 0.503212 0.691515
9029 0.503267 0.691549
9030 0.503322 0.691473
9031 0.503267 0.691396
9032 0.503211 0.691430
9033 0.503266 0.691354
9034 0.503210 0.691388
9035 0.503265 0.691422
9036 0.503320 0.691346
9037 0.503375 0.691380
9038 0.503319 0.691414
9039 0.503264 0.691338
9040 0.503319 0.691372
9041 0.503374 0.691406
9042 0.503428 0.691440
9043 0.503373 0.691363
9044 0.503428 0.691398
9045 0.503372 0.691321
9046 0.503316 0.691355
9047 0.503261 0.691279
9048 0.503316 0.691202
9049 0.503260 0.691126
9050 0.503204 0.691050
9051 0.503259 0.691084
9052 0.503314 0.691118
9053 0.503369 0.691042
9054 0.503313 0.691076
9055 0.503368 0.690999
9056 0.503313 0.691034
9057 0.503368 0.690957
9058 0.503312 0.690991
9059 0.503256 0.690915
9060 0.503201 0.690949
9061 0.503256 0.690873
9062 0.503200 0.690907
9063 0.503145 0.690941
9064 0.503199 0.690865
9065 0.503254 0.690899
9066 0.503309 0.690933
9067 0.503254 0.690967
9068 0.503308 0.691001
9069 0.503363 0.691035
9070 0.503308 0.691069
9071 0.503362 0.691104
9072 0.503307 0.691138
9073 0.503362 0.691172
9074 0.503306 0.691095
9075 0.503361 0.691019
9076 0.503305 0.690943
9077 0.503250 0.690867
9078 0.503305 0.690901
9079 0.503359 0.690935
9080 0.503304 0.690969
9081 0.503249 0.691003
9082 0.503193 0.691037
9083 0.503248 0.691071
9084 0.503303 0.690995
9085 0.503247 0.691029
9086 0.503192 0.691063
9087 0.503136 0.690987
9088 0.503191 0.691021
9089 0.503246 0.691055
9090 0.503300 0.690979
9091 0.503245 0.691013
9092 0.503300 0.691047
9093 0.503354 0.691081
9094 0.503409 0.691005
9095 0.503353 0.691039
9096 0.503408 0.690963
9097 0.503463 0.690997
9098 0.503407 0.690921
9099 0.503352 0.690955
9100 0.503407 0.690879
9101 0.503461 0.690913
9102 0.503516 0.690837
9103 0.503460 0.690871
9104 0.503515 0.690795
9105 0.503569 0.690829
9106 0.503514 0.690863
9107 0.503569 0.690897
9108 0.503623 0.690931
9109 0.503678 0.690965
9110 0.503622 0.690999
9111 0.503677 0.691033
9112 0.503731 0.690957
9113 0.503676 0.690991
9114 0.503621 0.691025
9115 0.503566 0.690949
9116 0.503510 0.690983
9117 0.503455 0.691017
9118 0.503510 0.691051
9119 0.503564 0.691085
9120 0.503618 0.691118
9121 0.503673 0.691152
9122 0.503727 0.691077
9123 0.503782 0.691001
9124 0.503836 0.690925
9125 0.503890 0.690849
9126 0.503945 0.690774
9127 0.503999 0.690698
9128 0.503944 0.690622
9129 0.503998 0.690656
9130 0.503943 0.690581
9131 0.503997 0.690614
9132 0.503942 0.690648
9133 0.503996 0.690682
9134 0.503941 0.690607
9135 0.503886 0.690640
9136 0.503940 0.690565
9137 0.503995 0.690599
9138 0.503940 0.690633
9139 0.503994 0.690666
9140 0.504048 0.690700
9141 0.503993 0.690734
9142 0.503938 0.690768
9143 0.503992 0.690692
9144 0.503937 0.690726
9145 0.503882 0.690651
9146 0.503936 0.690684
9147 0.503881 0.690609
9148 0.503935 0.690643
9149 0.503880 0.690677
9150 0.503825 0.690710
9151 0.503879 0.690635
9152 0.503934 0.690669
9153 0.503988 0.690703
9154 0.504042 0.690627
9155 0.503987 0.690661
9156 0.504041 0.690695
9157 0.503986 0.690728
9158 0.504040 0.690762
9159 0.504094 0.690796
9160 0.504039 0.690830
9161 0.504093 0.690863
9162 0.504148 0.690897
9163 0.504093 0.690931
9164 0.504038 0.690965
9165 0.504092 0.690998
9166 0.504146 0.691032
9167 0.504091 0.690957
9168 0.504036 0.690881
9169 0.504090 0.690915
9170 0.504144 0.690949
9171 0.504089 0.690982
9172 0.504034 0.691016
9173 0.503979 0.691050
9174 0.503924 0.691083
9175 0.503978 0.691117
9176 0.503923 0.691151
9177 0.503868 0.691184
9178 0.503813 0.691218
9179 0.503868 0.691252
9180 0.503922 0.691285
9181 0.503976 0.691210
9182 0.503921 0.691135
9183 0.503866 0.691168
9184 0.503811 0.691093
9185 0.503756 0.691127
9186 0.503810 0.691160
9187 0.503864 0.691194
9188 0.503809 0.691119
9189 0.503754 0.691152
9190 0.503700 0.691186
9191 0.503645 0.691220
9192 0.503590 0.691144
9193 0.503644 0.691069
9194 0.503698 0.690994
9195 0.503643 0.691028
9196 0.503589 0.691061
9197 0.503642 0.691095
9198 0.503588 0.691129
9199 0.503533 0.691162
9200 0.503478 0.691196
9201 0.503532 0.691121
9202 0.503586 0.691045
9203 0.503640 0.691079
9204 0.503585 0.691113
9205 0.503639 0.691146
9206 0.503585 0.691180
9207 0.503639 0.691105
9208 0.503692 0.691138
9209 0.503746 0.691063
9210 0.503692 0.691097
9211 0.503637 0.691130
9212 0.503582 0.691164
9213 0.503636 0.691089
9214 0.503582 0.691122
9215 0.503527 0.691156
9216 0.503472 0.691189
9217 0.503526 0.691223
9218 0.503580 0.691256
9219 0.503525 0.691290
9220 0.503471 0.691323
9221 0.503416 0.691357
9222 0.503362 0.691390
9223 0.503415 0.691315
9224 0.503469 0.691349
9225 0.503523 0.691274
9226 0.503577 0.691307
9227 0.503631 0.691341
9228 0.503684 0.691374
9229 0.503738 0.691408
9230 0.503684 0.691441
9231 0.503629 0.691474
9232 0.503575 0.691508
9233 0.503520 0.691541
9234 0.503574 0.691575
9235 0.503519 0.691500
9236 0.503465 0.691533
9237 0.503518 0.691567
9238 0.503464 0.691600
9239 0.503409 0.691633
9240 0.503463 0.691667
9241 0.503409 0.691700
9242 0.503354 0.691733
9243 0.503408 0.691659
9244 0.503354 0.691692
9245 0.503407 0.691725
9246 0.503353 0.691759
9247 0.503407 0.691684
9248 0.503460 0.691717
9249 0.503514 0.691750
9250 0.503459 0.691784
9251 0.503405 0.691817
9252 0.503459 0.691850
9253 0.503512 0.691776
9254 0.503458 0.691809
9255 0.503404 0.691734
9256 0.503457 0.691768
9257 0.503403 0.691801
9258 0.503348 0.691834
9259 0.503294 0.691867
9260 0.503348 0.691793
9261 0.503293 0.691826
9262 0.503347 0.691751
9263 0.503293 0.691677
9264 0.503346 0.691602
9265 0.503292 0.691635
9266 0.503238 0.691561
9267 0.503291 0.691594
9268 0.503345 0.691627
9269 0.503291 0.691660
9270 0.503344 0.691586
9271 0.503398 0.691619
9272 0.503451 0.691652
9273 0.503505 0.691578
9274 0.503451 0.691503
9275 0.503396 0.691536
9276 0.503342 0.691462
9277 0.503288 0.691495
9278 0.503341 0.691528
9279 0.503287 0.691562
9280 0.503341 0.691595
9281 0.503286 0.691628
9282 0.503340 0.691661
9283 0.503286 0.691694
9284 0.503339 0.691728
9285 0.503393 0.691761
9286 0.503446 0.691794
9287 0.503500 0.691827
9288 0.503445 0.691860
9289 0.503391 0.691894
9290 0.503337 0.691927
9291 0.503390 0.691960
9292 0.503336 0.691993
9293 0.503390 0.691919
9294 0.503335 0.691952
9295 0.503281 0.691985
9296 0.503335 0.691910
9297 0.503281 0.691944
9298 0.503227 0.691977
9299 0.503280 0.692010
9300 0.503333 0.692043
9301 0.503387 0.692076
9302 0.503333 0.692109
9303 0.503279 0.692142
9304 0.503224 0.692175
9305 0.503170 0.692208
9306 0.503116 0.692134
9307 0.503170 0.692167
9308 0.503223 0.692200
9309 0.503169 0.692233
9310 0.503222 0.692159
9311 0.503168 0.692192
9312 0.503222 0.692225
9313 0.503168 0.692258
9314 0.503114 0.692184
9315 0.503060 0.692110
9316 0.503113 0.692143
9317 0.503059 0.692068
9318 0.503112 0.692101
9319 0.503058 0.692134
9320 0.503112 0.692167
9321 0.503058 0.692200
9322 0.503004 0.692233
9323 0.502950 0.692266
9324 0.502896 0.692299
9325 0.502842 0.692332
9326 0.502788 0.692365
9327 0.502734 0.692398
9328 0.502680 0.692431
9329 0.502733 0.692464
9330 0.502787 0.692497
9331 0.502733 0.692530
9332 0.502679 0.692456
9333 0.502732 0.692489
9334 0.502678 0.692522
9335 0.502732 0.692555
9336 0.502678 0.692481
9337 0.502624 0.692514
9338 0.502677 0.692547
9339 0.502623 0.692580
9340 0.502677 0.692612
9341 0.502730 0.692538
9342 0.502783 0.692571
9343 0.502836 0.692604
9344 0.502783 0.692637
9345 0.502836 0.692563
9346 0.502889 0.692596
9347 0.502835 0.692629
9348 0.502781 0.692662
9349 0.502835 0.692587
9350 0.502781 0.692513
9351 0.502834 0.692439
9352 0.502887 0.692365
9353 0.502833 0.692398
9354 0.502780 0.692324
9355 0.502833 0.692357
9356 0.502779 0.692390
9357 0.502725 0.692316
9358 0.502778 0.692349
9359 0.502725 0.692382
9360 0.502778 0.692308
9361 0.502831 0.692234
9362 0.502884 0.692267
9363 0.502937 0.692299
9364 0.502990 0.692332
9365 0.502936 0.692365
9366 0.502883 0.692291
9367 0.502936 0.692324
9368 0.502882 0.692357
9369 0.502828 0.692390
9370 0.502882 0.692316
9371 0.502935 0.692242
9372 0.502881 0.692168
9373 0.502827 0.692201
9374 0.502880 0.692234
9375 0.502827 0.692160
9376 0.502880 0.692086
9377 0.502826 0.692119
9378 0.502879 0.692045
9379 0.502932 0.692078
9380 0.502878 0.692111
9381 0.502931 0.692144
9382 0.502984 0.692177
9383 0.502931 0.692103
9384 0.502877 0.692136
9385 0.502824 0.692168
9386 0.502770 0.692201
9387 0.502717 0.692234
9388 0.502769 0.692267
9389 0.502822 0.692299
9390 0.502875 0.692226
9391 0.502928 0.692259
9392 0.502981 0.692185
9393 0.502928 0.692218
9394 0.502981 0.692250
9395 0.502927 0.692283
9396 0.502874 0.692209
9397 0.502926 0.692242
9398 0.502979 0.692275
9399 0.503032 0.692308
9400 0.503085 0.692234
9401 0.503032 0.692267
9402 0.503084 0.692193
9403 0.503137 0.692120
9404 0.503190 0.692152
9405 0.503243 0.692185
9406 0.503296 0.692218
9407 0.503349 0.692250
9408 0.503295 0.692283
9409 0.503242 0.692210
9410 0.503294 0.692242
9411 0.503241 0.692169
9412 0.503187 0.692095
9413 0.503134 0.692022
9414 0.503081 0.692054
9415 0.503027 0.692087
9416 0.502974 0.692120
9417 0.502920 0.692152
9418 0.502973 0.692185
9419 0.503026 0.692218
9420 0.503079 0.692251
9421 0.503131 0.692283
9422 0.503184 0.692316
9423 0.503131 0.692242
9424 0.503077 0.692275
9425 0.503130 0.692308
9426 0.503077 0.692340
9427 0.503129 0.692373
9428 0.503182 0.692406
9429 0.503129 0.692438
9430 0.503075 0.692471
9431 0.503022 0.692503
9432 0.503075 0.692430
9433 0.503021 0.692357
9434 0.502968 0.692389
9435 0.503021 0.692422
9436 0.503073 0.692454
9437 0.503020 0.692381
9438 0.502967 0.692414
9439 0.502913 0.692446
9440 0.502966 0.692479
9441 0.503019 0.692511
9442 0.503071 0.692438
9443 0.503124 0.692365
9444 0.503071 0.692291
9445 0.503017 0.692324
9446 0.503070 0.692251
9447 0.503123 0.692283
9448 0.503069 0.692210
9449 0.503016 0.692137
9450 0.502963 0.692063
9451 0.503016 0.691990
9452 0.503068 0.692023
9453 0.503121 0.691950
9454 0.503067 0.691982
9455 0.503120 0.691909
9456 0.503173 0.691942
9457 0.503119 0.691974
9458 0.503066 0.692007
9459 0.503013 0.691934
9460 0.502960 0.691966
9461 0.503012 0.691893
9462 0.503065 0.691926
9463 0.503117 0.691958
9464 0.503064 0.691885
9465 0.503117 0.691918
9466 0.503064 0.691950
9467 0.503116 0.691983
9468 0.503063 0.692015
9469 0.503115 0.691942
9470 0.503168 0.691975
9471 0.503220 0.692007
9472 0.503273 0.692040
9473 0.503325 0.691967
9474 0.503378 0.691894
9475 0.503325 0.691926
9476 0.503271 0.691853
9477 0.503218 0.691886
9478 0.503165 0.691918
9479 0.503112 0.691845
9480 0.503165 0.691878
9481 0.503111 0.691910
9482 0.503058 0.691943
9483 0.503005 0.691975
9484 0.502952 0.692008
9485 0.502899 0.691935
9486 0.502846 0.691967
9487 0.502793 0.692000
9488 0.502740 0.692032
9489 0.502687 0.692064
9490 0.502634 0.691992
9491 0.502687 0.692024
9492 0.502739 0.692056
9493 0.502792 0.691984
9494 0.502844 0.692016
9495 0.502896 0.691943
9496 0.502843 0.691976
9497 0.502790 0.691903
9498 0.502843 0.691830
9499 0.502895 0.691862
9500 0.502842 0.691789
9501 0.502789 0.691822
9502 0.502842 0.691749
9503 0.502789 0.691782
9504 0.502736 0.691709
9505 0.502788 0.691741
9506 0.502735 0.691774
9507 0.502682 0.691806
9508 0.502735 0.691838
9509 0.502787 0.691871
9510 0.502839 0.691903
9511 0.502786 0.691936
9512 0.502839 0.691968
9513 0.502891 0.691895
9514 0.502838 0.691928
9515 0.502785 0.691960
9516 0.502732 0.691992
9517 0.502679 0.692025
9518 0.502732 0.692057
9519 0.502679 0.692090
9520 0.502731 0.692122
9521 0.502678 0.692154
9522 0.502731 0.692187
9523 0.502678 0.692219
9524 0.502625 0.692146
9525 0.502677 0.692178
9526 0.502624 0.692211
9527 0.502677 0.692138
9528 0.502624 0.692065
9529 0.502676 0.691993
9530 0.502623 0.692025
9531 0.502571 0.692057
9532 0.502518 0.692090
9533 0.502570 0.692122
9534 0.502517 0.692154
9535 0.502569 0.692187
9536 0.502622 0.692219
9537 0.502569 0.692251
9538 0.502621 0.692179
9539 0.502568 0.692211
9540 0.502516 0.692138
9541 0.502568 0.692066
9542 0.502515 0.692098
9543 0.502567 0.692026
9544 0.502515 0.692058
9545 0.502567 0.692090
9546 0.502619 0.692122
9547 0.502566 0.692050
9548 0.502618 0.692082
9549 0.502670 0.692010
9550 0.502618 0.692042
9551 0.502565 0.691969
9552 0.502617 0.692002
9553 0.502669 0.692034
9554 0.502721 0.692066
9555 0.502669 0.691994
9556 0.502616 0.691921
9557 0.502564 0.691849
9558 0.502511 0.691881
9559 0.502563 0.691809
9560 0.502615 0.691841
9561 0.502562 0.691873
9562 0.502615 0.691905
9563 0.502562 0.691938
9564 0.502614 0.691970
9565 0.502666 0.692002
9566 0.502613 0.692034
9567 0.502665 0.691962
9568 0.502717 0.691994
9569 0.502665 0.692026
9570 0.502612 0.691954
9571 0.502560 0.691986
9572 0.502507 0.692018
9573 0.502455 0.692051
9574 0.502402 0.692083
9575 0.502454 0.692115
9576 0.502506 0.692043
9577 0.502558 0.692075
9578 0.502506 0.692107
9579 0.502558 0.692035
9580 0.502610 0.691962
9581 0.502557 0.691995
9582 0.502505 0.692027
9583 0.502452 0.692059
9584 0.502504 0.692091
9585 0.502452 0.692123
9586 0.502399 0.692051
9587 0.502451 0.691979
9588 0.502399 0.692011
9589 0.502346 0.691939
9590 0.502294 0.691971
9591 0.502242 0.691899
9592 0.502294 0.691931
9593 0.502241 0.691859
9594 0.502293 0.691891
9595 0.502241 0.691923
9596 0.502293 0.691955
9597 0.502240 0.691987
9598 0.502292 0.692019
9599 0.502240 0.692051
9600 0.502188 0.691979
9601 0.502135 0.692011
9602 0.502187 0.691939
9603 0.502135 0.691971
9604 0.502082 0.692003
9605 0.502134 0.691931
9606 0.502186 0.691963
9607 0.502238 0.691891
9608 0.502290 0.691819
9609 0.502342 0.691747
9610 0.502393 0.691675
9611 0.502445 0.691707
9612 0.502497 0.691739
9613 0.502445 0.691668
9614 0.502496 0.691596
9615 0.502444 0.691628
9616 0.502496 0.691660
9617 0.502444 0.691588
9618 0.502391 0.691620
9619 0.502339 0.691652
9620 0.502287 0.691684
9621 0.502339 0.691716
9622 0.502390 0.691748
9623 0.502338 0.691676
9624 0.502390 0.691604
9625 0.502338 0.691636
9626 0.502389 0.691565
9627 0.502441 0.691597
9628 0.502389 0.691629
9629 0.502441 0.691557
9630 0.502388 0.691589
9631 0.502440 0.691517
9632 0.502388 0.691549
9633 0.502336 0.691581
9634 0.502387 0.691613
9635 0.502439 0.691645
9636 0.502491 0.691677
9637 0.502439 0.691709
9638 0.502386 0.691741
9639 0.502438 0.691773
9640 0.502386 0.691701
9641 0.502438 0.691733
9642 0.502489 0.691765
9643 0.502541 0.691693
9644 0.502489 0.691725
9645 0.502540 0.691757
9646 0.502592 0.691789
9647 0.502643 0.691821
9648 0.502695 0.691853
9649 0.502643 0.691885
9650 0.502591 0.691917
9651 0.502642 0.691845
9652 0.502590 0.691877
9653 0.502642 0.691806
9654 0.502693 0.691838
9655 0.502745 0.691869
9656 0.502693 0.691901
9657 0.502641 0.691830
9658 0.502589 0.691862
9659 0.502640 0.691790
9660 0.502692 0.691718
9661 0.502639 0.691750
9662 0.502587 0.691782
9663 0.502535 0.691814
9664 0.502587 0.691846
9665 0.502535 0.691878
9666 0.502586 0.691910
9667 0.502534 0.691838
9668 0.502482 0.691870
9669 0.502534 0.691902
9670 0.502482 0.691934
9671 0.502533 0.691862
9672 0.502481 0.691894
9673 0.502429 0.691926
9674 0.502378 0.691958
9675 0.502429 0.691886
9676 0.502480 0.691815
9677 0.502532 0.691743
9678 0.502583 0.691672
9679 0.502531 0.691704
9680 0.502479 0.691736
9681 0.502427 0.691767
9682 0.502479 0.691799
9683 0.502427 0.691831
9684 0.502478 0.691863
9685 0.502530 0.691895
9686 0.502478 0.691823
9687 0.502426 0.691752
9688 0.502374 0.691784
9689 0.502322 0.691815
9690 0.502374 0.691847
9691 0.502322 0.691879
9692 0.502373 0.691911
9693 0.502321 0.691943
9694 0.502373 0.691871
9695 0.502424 0.691800
9696 0.502372 0.691832
9697 0.502423 0.691863
9698 0.502475 0.691792
9699 0.502526 0.691721
9700 0.502577 0.691649
9701 0.502526 0.691681
9702 0.502577 0.691610
9703 0.502628 0.691539
9704 0.502576 0.691570
9705 0.502628 0.691602
9706 0.502576 0.691531
9707 0.502627 0.691563
9708 0.502575 0.691595
9709 0.502626 0.691626
9710 0.502575 0.691658
9711 0.502626 0.691690
9712 0.502677 0.691619
9713 0.502625 0.691650
9714 0.502677 0.691579
9715 0.502728 0.691508
9716 0.502779 0.691540
9717 0.502727 0.691571
9718 0.502778 0.691603
9719 0.502727 0.691532
9720 0.502778 0.691564
9721 0.502829 0.691493
9722 0.502880 0.691524
9723 0.502931 0.691556
9724 0.502879 0.691588
9725 0.502828 0.691620
9726 0.502776 0.691651
9727 0.502827 0.691683
9728 0.502775 0.691715
9729 0.502724 0.691644
9730 0.502775 0.691572
9731 0.502723 0.691604
9732 0.502774 0.691636
9733 0.502825 0.691668
9734 0.502877 0.691699
9735 0.502928 0.691731
9736 0.502979 0.691763
9737 0.503030 0.691794
9738 0.502978 0.691826
9739 0.502926 0.691857
9740 0.502977 0.691786
9741 0.502926 0.691715
9742 0.502874 0.691644
9743 0.502823 0.691573
9744 0.502874 0.691605
9745 0.502925 0.691637
9746 0.502976 0.691668
9747 0.502924 0.691700
9748 0.502975 0.691629
9749 0.502923 0.691661
9750 0.502974 0.691692
9751 0.503025 0.691724
9752 0.503076 0.691756
9753 0.503025 0.691787
9754 0.503076 0.691819
9755 0.503024 0.691748
9756 0.502973 0.691779
9757 0.503023 0.691811
9758 0.503074 0.691843
9759 0.503125 0.691874
9760 0.503074 0.691906
9761 0.503125 0.691937
9762 0.503073 0.691866
9763 0.503022 0.691898
9764 0.502970 0.691930
9765 0.502919 0.691859
9766 0.502867 0.691890
9767 0.502918 0.691922
9768 0.502969 0.691953
9769 0.502917 0.691882
9770 0.502968 0.691812
9771 0.503019 0.691843
9772 0.503070 0.691772
9773 0.503019 0.691804
9774 0.503069 0.691835
9775 0.503018 0.691867
9776 0.503069 0.691899
9777 0.503120 0.691828
9778 0.503068 0.691859
9779 0.503119 0.691789
9780 0.503067 0.691718
9781 0.503016 0.691647
9782 0.502965 0.691679
9783 0.503015 0.691710
9784 0.503066 0.691639
9785 0.503117 0.691671
9786 0.503168 0.691702
9787 0.503116 0.691734
9788 0.503065 0.691765
9789 0.503014 0.691695
9790 0.502962 0.691726
9791 0.502911 0.691656
9792 0.502859 0.691687
9793 0.502808 0.691719
9794 0.502859 0.691648
9795 0.502808 0.691577
9796 0.502756 0.691507
9797 0.502705 0.691538
9798 0.502756 0.691570
9799 0.502704 0.691601
9800 0.502653 0.691633
9801 0.502602 0.691664
9802 0.502653 0.691696
9803 0.502703 0.691727
9804 0.502652 0.691656
9805 0.502703 0.691688
9806 0.502651 0.691617
9807 0.502702 0.691649
9808 0.502651 0.691680
9809 0.502702 0.691712
9810 0.502650 0.691743
9811 0.502701 0.691775
9812 0.502650 0.691704
9813 0.502599 0.691634
9814 0.502547 0.691665
9815 0.502598 0.691696
9816 0.502547 0.691626
9817 0.502496 0.691657
9818 0.502546 0.691689
9819 0.502495 0.691618
9820 0.502546 0.691650
9821 0.502495 0.691681
9822 0.502545 0.691611
9823 0.502494 0.691642
9824 0.502443 0.691673
9825 0.502494 0.691705
9826 0.502442 0.691736
9827 0.502391 0.691768
9828 0.502340 0.691799
9829 0.502289 0.691729
9830 0.502340 0.691760
9831 0.502289 0.691690
9832 0.502339 0.691721
9833 0.502390 0.691651
9834 0.502441 0.691682
9835 0.502389 0.691713
9836 0.502440 0.691745
9837 0.502389 0.691776
9838 0.502440 0.691807
9839 0.502388 0.691839
9840 0.502439 0.691768
9841 0.502388 0.691800
9842 0.502439 0.691729
9843 0.502387 0.691761
9844 0.502438 0.691690
9845 0.502387 0.691722
9846 0.502336 0.691651
9847 0.502285 0.691683
9848 0.502234 0.691714
9849 0.502183 0.691644
9850 0.502132 0.691574
9851 0.502183 0.691503
9852 0.502233 0.691535
9853 0.502284 0.691465
9854 0.502233 0.691496
9855 0.502283 0.691527
9856 0.502334 0.691558
9857 0.502283 0.691590
9858 0.502333 0.691621
9859 0.502282 0.691652
9860 0.502333 0.691684
9861 0.502282 0.691715
9862 0.502332 0.691746
9863 0.502281 0.691676
9864 0.502332 0.691606
9865 0.502281 0.691637
9866 0.502331 0.691668
9867 0.502280 0.691700
9868 0.502229 0.691731
9869 0.502179 0.691661
9870 0.502229 0.691692
9871 0.502178 0.691622
9872 0.502127 0.691653
9873 0.502076 0.691684
9874 0.502127 0.691614
9875 0.502177 0.691646
9876 0.502126 0.691677
9877 0.502076 0.691607
9878 0.502126 0.691638
9879 0.502075 0.691669
9880 0.502024 0.691599
9881 0.501973 0.691630
9882 0.501923 0.691662
9883 0.501872 0.691693
9884 0.501821 0.691724
9885 0.501770 0.691755
9886 0.501821 0.691786
9887 0.501871 0.691716
9888 0.501922 0.691748
9889 0.501972 0.691678
9890 0.502022 0.691709
9891 0.502073 0.691639
9892 0.502123 0.691670
9893 0.502072 0.691701
9894 0.502122 0.691732
9895 0.502173 0.691764
9896 0.502122 0.691795
9897 0.502071 0.691826
9898 0.502122 0.691857
9899 0.502172 0.691888
9900 0.502222 0.691919
9901 0.502272 0.691950
9902 0.502323 0.691981
9903 0.502373 0.692013
9904 0.502322 0.692044
9905 0.502373 0.691974
9906 0.502423 0.691904
9907 0.502372 0.691935
9908 0.502321 0.691865
9909 0.502271 0.691795
9910 0.502321 0.691826
9911 0.502270 0.691858
9912 0.502220 0.691889
9913 0.502169 0.691819
9914 0.502118 0.691749
9915 0.502068 0.691780
9916 0.502118 0.691811
9917 0.502067 0.691741
9918 0.502117 0.691773
9919 0.502168 0.691804
9920 0.502218 0.691835
9921 0.502268 0.691866
9922 0.502318 0.691796
9923 0.502267 0.691827
9924 0.502318 0.691858
9925 0.502368 0.691788
9926 0.502418 0.691819
9927 0.502468 0.691851
9928 0.502417 0.691882
9929 0.502468 0.691913
9930 0.502417 0.691944
9931 0.502366 0.691874
9932 0.502316 0.691905
9933 0.502265 0.691936
9934 0.502215 0.691866
9935 0.502265 0.691897
9936 0.502315 0.691928
9937 0.502264 0.691959
9938 0.502214 0.691990
9939 0.502264 0.691921
9940 0.502314 0.691952
9941 0.502263 0.691882
9942 0.502213 0.691813
9943 0.502162 0.691844
9944 0.502112 0.691774
9945 0.502061 0.691805
9946 0.502111 0.691836
9947 0.502061 0.691867
9948 0.502111 0.691797
9949 0.502161 0.691728
9950 0.502111 0.691759
9951 0.502060 0.691790
9952 0.502010 0.691821
9953 0.501959 0.691852
9954 0.502009 0.691883
9955 0.502059 0.691813
9956 0.502109 0.691844
9957 0.502059 0.691775
9958 0.502008 0.691806
9959 0.501958 0.691837
9960 0.501908 0.691867
9961 0.501857 0.691798
9962 0.501907 0.691729
9963 0.501857 0.691659
9964 0.501907 0.691690
9965 0.501957 0.691721
9966 0.502007 0.691752
9967 0.502057 0.691683
9968 0.502107 0.691613
9969 0.502157 0.691544
9970 0.502106 0.691575
9971 0.502056 0.691606
9972 0.502106 0.691637
9973 0.502156 0.691668
9974 0.502206 0.691698
9975 0.502155 0.691729
9976 0.502105 0.691760
9977 0.502155 0.691791
9978 0.502205 0.691822
9979 0.502155 0.691853
9980 0.502104 0.691884
9981 0.502154 0.691915
9982 0.502104 0.691946
9983 0.502053 0.691976
9984 0.502003 0.692007
9985 0.501953 0.691938
9986 0.502003 0.691969
9987 0.501953 0.691899
9988 0.502002 0.691930
9989 0.502052 0.691961
9990 0.502002 0.691892
9991 0.502052 0.691923
9992 0.502002 0.691954
9993 0.501951 0.691984
9994 0.502001 0.692015
9995 0.502051 0.691946
9996 0.502001 0.691977
9997 0.501951 0.692008
9998 0.502000 0.691938
9999 0.501950 0.691969
10000 0.502000 0.692000
